date,plot_id,subplot_id,tag_number,leaf_area_cm2,leaf_mass_g,LMA_gm-2,IRGA_covered_area,Asat_multiplier,initials,comments,,,,,,,,,,,,,,,,,,,,
07-14-2020,A01,A01E,4020,74.72,0.1678,22.46,6.00,1.00,AMB,,,,,,,,,,,,,,,,,,,,,
07-14-2020,A01,A01E,4019,111.99,0.2338,20.88,6.00,1.00,AMB,,,,,,,,,,,,,,,,,,,,,
07-14-2020,A01,A01E,2784,25.12,0.0593,23.61,6.00,1.00,AMB,,,,,,,,,,,,,,,,,,,,,
07-14-2020,A01,A01E,4023,65.41,0.1958,29.93,6.00,1.00,AMB,,,,,,,,,,,,,,,,,,,,,
07-14-2020,A01,A01E,4022,216.80,0.7095,32.73,6.00,1.00,AMB,,,,,,,,,,,,,,,,,,,,,
07-14-2020,A01,A01E,4024,44.13,0.1225,27.76,6.00,1.00,AMB,,,,,,,,,,,,,,,,,,,,,
07-14-2020,A01,A01E,2838,173.07,0.5221,30.17,6.00,1.00,AMB,,,,,,,,,,,,,,,,,,,,,
07-14-2020,A01,A01E,2836,231.64,0.5843,25.22,6.00,1.00,AMB,,,,,,,,,,,,,,,,,,,,,
07-14-2020,A01,A01E,2835,37.43,0.0750,20.04,6.00,1.00,AMB,,,,,,,,,,,,,,,,,,,,,
07-14-2020,A01,A01E,4025,135.65,0.3261,24.04,6.00,1.00,AMB,,,,,,,,,,,,,,,,,,,,,
07-14-2020,A01,A01E,4027,164.04,0.4147,25.28,6.00,1.00,AMB,,,,,,,,,,,,,,,,,,,,,
07-14-2020,A01,A01E,4026,270.52,0.6377,23.57,6.00,1.00,AMB,,,,,,,,,,,,,,,,,,,,,
07-14-2020,A01,A01W,4037,52.01,0.1799,34.59,6.00,1.00,AMB,,,,,,,,,,,,,,,,,,,,,
07-14-2020,A01,A01W,4036,101.38,0.3042,30.01,6.00,1.00,AMB,,,,,,,,,,,,,,,,,,,,,
07-14-2020,A01,A01W,4035,94.26,0.1794,19.03,6.00,1.00,AMB,,,,,,,,,,,,,,,,,,,,,
07-14-2020,A01,A01W,2880,66.31,0.2006,30.25,6.00,1.00,AMB,,,,,,,,,,,,,,,,,,,,,
07-14-2020,A01,A01W,2881,49.94,0.1138,22.79,6.00,1.00,AMB,,,,,,,,,,,,,,,,,,,,,
07-14-2020,A01,A01W,2883,69.87,0.1802,25.79,6.00,1.00,AMB,,,,,,,,,,,,,,,,,,,,,
07-14-2020,A01,A01W,4030,51.03,0.1440,28.22,6.00,1.00,AMB,,,,,,,,,,,,,,,,,,,,,
07-14-2020,A01,A01W,2907,45.98,0.1112,24.18,6.00,1.00,AMB,,,,,,,,,,,,,,,,,,,,,
07-14-2020,A01,A01W,2906,62.80,0.1687,26.86,6.00,1.00,AMB,,,,,,,,,,,,,,,,,,,,,
07-14-2020,A01,A01W,2934,44.02,0.1250,28.40,6.00,1.00,AMB,,,,,,,,,,,,,,,,,,,,,
07-14-2020,A01,A01W,4032,151.50,0.3982,26.28,6.00,1.00,AMB,,,,,,,,,,,,,,,,,,,,,
07-14-2020,A01,A01W,4033,54.56,0.1780,32.62,6.00,1.00,AMB,,,,,,,,,,,,,,,,,,,,,
07-14-2020,A02,A02E,3248,57.34,0.1335,23.28,6.00,1.00,AMB,,,,,,,,,,,,,,,,,,,,,
07-14-2020,A02,A02E,3249,196.50,0.3768,19.18,6.00,1.00,AMB,,,,,,,,,,,,,,,,,,,,,
07-14-2020,A02,A02E,3250,79.01,0.1527,19.33,6.00,1.00,AMB,,,,,,,,,,,,,,,,,,,,,
07-14-2020,A02,A02E,3165,122.07,0.2436,19.96,6.00,1.00,AMB,,,,,,,,,,,,,,,,,,,,,
07-14-2020,A02,A02E,3253,184.23,0.4334,23.52,6.00,1.00,AMB,,,,,,,,,,,,,,,,,,,,,
07-14-2020,A02,A02E,3252,55.76,0.1024,18.36,6.00,1.00,AMB,,,,,,,,,,,,,,,,,,,,,
07-14-2020,A02,A02E,3254,193.91,0.5515,28.44,6.00,1.00,AMB,,,,,,,,,,,,,,,,,,,,,
07-14-2020,A02,A02E,3092,125.12,0.2095,16.74,6.00,1.00,AMB,,,,,,,,,,,,,,,,,,,,,
07-14-2020,A02,A02E,3089,38.02,0.0606,15.94,6.00,1.00,AMB,,,,,,,,,,,,,,,,,,,,,
07-14-2020,A02,A02E,3090,53.59,0.1063,19.84,6.00,1.00,AMB,,,,,,,,,,,,,,,,,,,,,
07-14-2020,A02,A02E,3246,57.92,0.1345,23.22,6.00,1.00,AMB,,,,,,,,,,,,,,,,,,,,,
07-14-2020,A02,A02E,3247,55.67,0.1290,23.17,6.00,1.00,AMB,,,,,,,,,,,,,,,,,,,,,
07-14-2020,A02,A02W,3001,156.00,0.4018,25.76,6.00,1.00,AMB,,,,,,,,,,,,,,,,,,,,,
07-14-2020,A02,A02W,3000,181.50,0.4574,25.20,6.00,1.00,AMB,,,,,,,,,,,,,,,,,,,,,
07-14-2020,A02,A02W,4040,189.59,0.4010,21.15,6.00,1.00,AMB,,,,,,,,,,,,,,,,,,,,,
07-14-2020,A02,A02W,4043,146.65,0.4066,27.73,6.00,1.00,AMB,,,,,,,,,,,,,,,,,,,,,
07-14-2020,A02,A02W,4042,164.94,0.3834,23.24,6.00,1.00,AMB,,,,,,,,,,,,,,,,,,,,,
07-14-2020,A02,A02W,4041,82.40,0.2014,24.44,6.00,1.00,AMB,,,,,,,,,,,,,,,,,,,,,
07-14-2020,A02,A02W,4046,79.40,0.2397,30.19,6.00,1.00,AMB,,,,,,,,,,,,,,,,,,,,,
07-14-2020,A02,A02W,4047,63.19,0.1708,27.03,6.00,1.00,AMB,,,,,,,,,,,,,,,,,,,,,
07-14-2020,A02,A02W,4048,58.42,0.1979,33.88,6.00,1.00,AMB,,,,,,,,,,,,,,,,,,,,,
07-14-2020,A02,A02W,4051,124.34,0.3627,29.17,6.00,1.00,AMB,,,,,,,,,,,,,,,,,,,,,
07-14-2020,A02,A02W,4605,97.29,0.2844,29.23,6.00,1.00,AMB,,,,,,,,,,,,,,,,,,,,,
07-14-2020,A02,A02W,4606,55.03,0.1689,30.69,6.00,1.00,AMB,,,,,,,,,,,,,,,,,,,,,
07-13-2020,A03,A03E,3996,40.62,0.1165,28.68,6.00,1.00,AMB,,,,,,,,,,,,,,,,,,,,,
07-13-2020,A03,A03E,3995,40.97,0.1149,28.04,6.00,1.00,AMB,,,,,,,,,,,,,,,,,,,,,
07-13-2020,A03,A03E,3997,52.39,0.1409,26.89,6.00,1.00,AMB,,,,,,,,,,,,,,,,,,,,,
07-13-2020,A03,A03E,2508,50.17,0.2334,46.52,6.00,1.00,AMB,,,,,,,,,,,,,,,,,,,,,
07-13-2020,A03,A03E,4000,37.35,0.1142,30.58,6.00,1.00,AMB,,,,,,,,,,,,,,,,,,,,,
07-13-2020,A03,A03E,3999,48.88,0.1611,32.96,6.00,1.00,AMB,,,,,,,,,,,,,,,,,,,,,
07-13-2020,A03,A03E,4003,62.28,0.1537,24.68,6.00,1.00,AMB,,,,,,,,,,,,,,,,,,,,,
07-13-2020,A03,A03E,4004,52.71,0.1859,35.27,6.00,1.00,AMB,,,,,,,,,,,,,,,,,,,,,
07-13-2020,A03,A03E,4002,248.85,0.7698,30.93,6.00,1.00,AMB,,,,,,,,,,,,,,,,,,,,,
07-13-2020,A03,A03E,2552,44.06,0.1053,23.90,6.00,1.00,AMB,,,,,,,,,,,,,,,,,,,,,
07-13-2020,A03,A03E,2554,63.01,0.1642,26.06,6.00,1.00,AMB,,,,,,,,,,,,,,,,,,,,,
07-13-2020,A03,A03E,2553,46.65,0.1288,27.61,6.00,1.00,AMB,,,,,,,,,,,,,,,,,,,,,
07-13-2020,A03,A03W,4010,36.41,0.0961,26.39,6.00,1.00,AMB,,,,,,,,,,,,,,,,,,,,,
07-13-2020,A03,A03W,2388,90.71,0.2111,23.27,6.00,1.00,AMB,,,,,,,,,,,,,,,,,,,,,
07-13-2020,A03,A03W,4009,99.34,0.2524,25.41,6.00,1.00,AMB,,,,,,,,,,,,,,,,,,,,,
07-13-2020,A03,A03W,4013,52.33,0.1343,25.66,6.00,1.00,AMB,,,,,,,,,,,,,,,,,,,,,
07-13-2020,A03,A03W,4012,29.12,0.0831,28.54,6.00,1.00,AMB,,,,,,,,,,,,,,,,,,,,,
07-13-2020,A03,A03W,4011,43.34,0.1133,26.14,6.00,1.00,AMB,,,,,,,,,,,,,,,,,,,,,
07-13-2020,A03,A03W,4017,73.72,0.1590,21.57,6.00,1.00,AMB,,,,,,,,,,,,,,,,,,,,,
07-13-2020,A03,A03W,4016,45.38,0.1149,25.32,6.00,1.00,AMB,,,,,,,,,,,,,,,,,,,,,
07-13-2020,A03,A03W,4015,66.75,0.1711,25.63,6.00,1.00,AMB,,,,,,,,,,,,,,,,,,,,,
07-13-2020,A03,A03W,2362,54.09,0.1195,22.09,6.00,1.00,AMB,,,,,,,,,,,,,,,,,,,,,
07-13-2020,A03,A03W,4006,222.14,0.5713,25.72,6.00,1.00,AMB,,,,,,,,,,,,,,,,,,,,,
07-13-2020,A03,A03W,4007,41.05,0.0968,23.58,6.00,1.00,AMB,,,,,,,,,,,,,,,,,,,,,
07-13-2020,A04,A04E,2684,88.19,0.2169,24.59,6.00,1.00,AMB,,,,,,,,,,,,,,,,,,,,,
07-13-2020,A04,A04E,4066,53.71,0.0985,18.34,6.00,1.00,AMB,,,,,,,,,,,,,,,,,,,,,
07-13-2020,A04,A04E,4067,121.20,0.2433,20.07,6.00,1.00,AMB,,,,,,,,,,,,,,,,,,,,,
07-13-2020,A04,A04E,2708,37.50,0.0986,26.29,6.00,1.00,AMB,,,,,,,,,,,,,,,,,,,,,
07-13-2020,A04,A04E,4073,66.82,0.1431,21.42,6.00,1.00,AMB,,,,,,,,,,,,,,,,,,,,,
07-13-2020,A04,A04E,2760,41.16,0.1080,26.24,6.00,1.00,AMB,,,,,,,,,,,,,,,,,,,,,
07-13-2020,A04,A04E,2709,68.27,0.1736,25.43,6.00,1.00,AMB,,,,,,,,,,,,,,,,,,,,,
07-13-2020,A04,A04E,2718,44.55,0.0969,21.75,6.00,1.00,AMB,,,,,,,,,,,,,,,,,,,,,
07-13-2020,A04,A04E,2733,108.90,0.2245,20.62,6.00,1.00,AMB,,,,,,,,,,,,,,,,,,,,,
07-13-2020,A04,A04E,4071,112.39,0.2589,23.04,6.00,1.00,AMB,,,,,,,,,,,,,,,,,,,,,
07-13-2020,A04,A04E,4072,42.35,0.0787,18.58,6.00,1.00,AMB,,,,,,,,,,,,,,,,,,,,,
07-13-2020,A04,A04E,4604,236.38,0.5300,22.42,6.00,1.00,AMB,,,,,,,,,,,,,,,,,,,,,
07-13-2020,A04,A04W,2647,33.17,0.0733,22.10,6.00,1.00,AMB,,,,,,,,,,,,,,,,,,,,,
07-13-2020,A04,A04W,4062,64.96,0.1443,22.21,6.00,1.00,AMB,,,,,,,,,,,,,,,,,,,,,
07-13-2020,A04,A04W,2643,37.49,0.0989,26.38,6.00,1.00,AMB,,,,,,,,,,,,,,,,,,,,,
07-13-2020,A04,A04W,4055,57.25,0.1143,19.97,6.00,1.00,AMB,,,,,,,,,,,,,,,,,,,,,
07-13-2020,A04,A04W,2593,59.35,0.1271,21.42,6.00,1.00,AMB,,,,,,,,,,,,,,,,,,,,,
07-13-2020,A04,A04W,4056,59.84,0.1273,21.27,6.00,1.00,AMB,,,,,,,,,,,,,,,,,,,,,
07-13-2020,A04,A04W,4059,32.50,0.0731,22.49,6.00,1.00,AMB,,,,,,,,,,,,,,,,,,,,,
07-13-2020,A04,A04W,4060,55.06,0.1190,21.61,6.00,1.00,AMB,,,,,,,,,,,,,,,,,,,,,
07-13-2020,A04,A04W,4058,41.29,0.1035,25.07,6.00,1.00,AMB,,,,,,,,,,,,,,,,,,,,,
07-13-2020,A04,A04W,4064,72.98,0.1493,20.46,6.00,1.00,AMB,,,,,,,,,,,,,,,,,,,,,
07-13-2020,A04,A04W,2668,40.43,0.0983,24.31,6.00,1.00,AMB,,,,,,,,,,,,,,,,,,,,,
07-13-2020,A04,A04W,4063,76.82,0.2160,28.12,6.00,1.00,AMB,,,,,,,,,,,,,,,,,,,,,
07-09-2020,B01,B01E,4098,56.34,0.1519,26.96,6.00,1.00,AMB,,,,,,,,,,,,,,,,,,,,,
07-09-2020,B01,B01E,4101,35.59,0.0856,24.05,6.00,1.00,AMB,,,,,,,,,,,,,,,,,,,,,
07-09-2020,B01,B01E,4139,46.26,0.1166,25.21,6.00,1.00,AMB,,,,,,,,,,,,,,,,,,,,,
07-09-2020,B01,B01E,4601,98.94,0.2651,26.79,6.00,1.00,AMB,,,,,,,,,,,,,,,,,,,,,
07-09-2020,B01,B01E,4100,76.86,0.1895,24.66,6.00,1.00,AMB,,,,,,,,,,,,,,,,,,,,,
07-09-2020,B01,B01E,4096,40.98,0.0943,23.01,6.00,1.00,AMB,,,,,,,,,,,,,,,,,,,,,
07-09-2020,B01,B01E,4097,25.65,0.0624,24.33,6.00,1.00,AMB,,,,,,,,,,,,,,,,,,,,,
07-09-2020,B01,B01E,4102,34.42,0.0973,28.27,6.00,1.00,AMB,,,,,,,,,,,,,,,,,,,,,
07-09-2020,B01,B01E,1663,30.55,0.0718,23.50,6.00,1.00,AMB,,,,,,,,,,,,,,,,,,,,,
07-09-2020,B01,B01E,1741,52.74,0.1459,27.66,6.00,1.00,AMB,,,,,,,,,,,,,,,,,,,,,
07-09-2020,B01,B01E,1742,161.51,0.4630,28.67,6.00,1.00,AMB,,,,,,,,,,,,,,,,,,,,,
07-09-2020,B01,B01E,4095,149.56,0.3748,25.06,6.00,1.00,AMB,,,,,,,,,,,,,,,,,,,,,
07-09-2020,B01,B01W,4103,195.58,0.5746,29.38,6.00,1.00,AMB,,,,,,,,,,,,,,,,,,,,,
07-09-2020,B01,B01W,1594,36.62,0.1285,35.09,6.00,1.00,AMB,,,,,,,,,,,,,,,,,,,,,
07-09-2020,B01,B01W,1647,45.55,0.1043,22.90,6.00,1.00,AMB,,,,,,,,,,,,,,,,,,,,,
07-09-2020,B01,B01W,1631,42.06,0.1033,24.56,6.00,1.00,AMB,,,,,,,,,,,,,,,,,,,,,
07-09-2020,B01,B01W,4105,37.25,0.0754,20.24,6.00,1.00,AMB,,,,,,,,,,,,,,,,,,,,,
07-09-2020,B01,B01W,1595,66.15,0.1491,22.54,6.00,1.00,AMB,,,,,,,,,,,,,,,,,,,,,
07-09-2020,B01,B01W,1628,53.05,0.1242,23.41,6.00,1.00,AMB,,,,,,,,,,,,,,,,,,,,,
07-09-2020,B01,B01W,4104,42.33,0.0921,21.76,6.00,1.00,AMB,,,,,,,,,,,,,,,,,,,,,
07-09-2020,B01,B01W,1627,47.84,0.0949,19.84,6.00,1.00,AMB,,,,,,,,,,,,,,,,,,,,,
07-09-2020,B01,B01W,1592,54.22,0.1947,35.91,6.00,1.00,AMB,,,,,,,,,,,,,,,,,,,,,
07-09-2020,B01,B01W,1649,50.72,0.1183,23.32,6.00,1.00,AMB,,,,,,,,,,,,,,,,,,,,,
07-09-2020,B01,B01W,4106,55.64,0.1235,22.20,6.00,1.00,AMB,,,,,,,,,,,,,,,,,,,,,
07-12-2020,B02,B02E,4090,80.36,0.2280,28.37,6.00,1.00,AMB,,,,,,,,,,,,,,,,,,,,,
07-12-2020,B02,B02E,1949,77.47,0.1933,24.95,6.00,1.00,AMB,,,,,,,,,,,,,,,,,,,,,
07-12-2020,B02,B02E,4093,97.85,0.2431,24.84,6.00,1.00,AMB,,,,,,,,,,,,,,,,,,,,,
07-12-2020,B02,B02E,4094,74.86,0.1750,23.38,6.00,1.00,AMB,,,,,,,,,,,,,,,,,,,,,
07-12-2020,B02,B02E,4091,42.54,0.1269,29.83,6.00,1.00,AMB,,,,,,,,,,,,,,,,,,,,,
07-12-2020,B02,B02E,4089,42.74,0.1071,25.06,6.00,1.00,AMB,,,,,,,,,,,,,,,,,,,,,
07-12-2020,B02,B02E,1884,35.97,0.0912,25.35,6.00,1.00,AMB,,,,,,,,,,,,,,,,,,,,,
07-12-2020,B02,B02E,4088,56.22,0.1455,25.88,6.00,1.00,AMB,,,,,,,,,,,,,,,,,,,,,
07-12-2020,B02,B02E,4079,102.20,0.3116,30.49,6.00,1.00,AMB,,,,,,,,,,,,,,,,,,,,,
07-12-2020,B02,B02E,4085,53.31,0.1462,27.42,6.00,1.00,AMB,,,,,,,,,,,,,,,,,,,,,
07-12-2020,B02,B02E,4087,71.43,0.1696,23.74,6.00,1.00,AMB,,,,,,,,,,,,,,,,,,,,,
07-12-2020,B02,B02E,4081,74.76,0.1959,26.20,6.00,1.00,AMB,,,,,,,,,,,,,,,,,,,,,
07-12-2020,B02,B02W,4078,92.57,0.3610,39.00,6.00,1.00,AMB,,,,,,,,,,,,,,,,,,,,,
07-12-2020,B02,B02W,4082,42.82,0.1093,25.53,6.00,1.00,AMB,,,,,,,,,,,,,,,,,,,,,
07-12-2020,B02,B02W,4092,72.00,0.1945,27.01,6.00,1.00,AMB,,,,,,,,,,,,,,,,,,,,,
07-12-2020,B02,B02W,4136,52.08,0.1410,27.07,6.00,1.00,AMB,,,,,,,,,,,,,,,,,,,,,
07-12-2020,B02,B02W,4137,65.21,0.1821,27.93,6.00,1.00,AMB,,,,,,,,,,,,,,,,,,,,,
07-12-2020,B02,B02W,4603,49.26,0.1768,35.89,6.00,1.00,AMB,,,,,,,,,,,,,,,,,,,,,
07-12-2020,B02,B02W,4080,42.61,0.1034,24.27,6.00,1.00,AMB,,,,,,,,,,,,,,,,,,,,,
07-12-2020,B02,B02W,1780,171.04,0.5077,29.68,6.00,1.00,AMB,,,,,,,,,,,,,,,,,,,,,
07-12-2020,B02,B02W,4084,25.71,0.0880,34.23,6.00,1.00,AMB,,,,,,,,,,,,,,,,,,,,,
07-12-2020,B02,B02W,4077,51.37,0.1541,30.00,6.00,1.00,AMB,,,,,,,,,,,,,,,,,,,,,
07-12-2020,B02,B02W,4076,214.46,0.7121,33.20,6.00,1.00,AMB,,,,,,,,,,,,,,,,,,,,,
07-12-2020,B02,B02W,4083,114.12,0.3351,29.36,6.00,1.00,AMB,,,,,,,,,,,,,,,,,,,,,
07-11-2020,B03,B03E,3258,46.50,0.1434,30.84,6.00,1.00,AMB,,,,,,,,,,,,,,,,,,,,,
07-11-2020,B03,B03E,3259,50.63,0.1537,30.36,6.00,1.00,AMB,,,,,,,,,,,,,,,,,,,,,
07-11-2020,B03,B03E,3257,50.76,0.1602,31.56,6.00,1.00,AMB,,,,,,,,,,,,,,,,,,,,,
07-11-2020,B03,B03E,3262,49.18,0.1320,26.84,6.00,1.00,AMB,,,,,,,,,,,,,,,,,,,,,
07-11-2020,B03,B03E,3261,48.32,0.1479,30.61,6.00,1.00,AMB,,,,,,,,,,,,,,,,,,,,,
07-11-2020,B03,B03E,3263,73.28,0.2146,29.28,6.00,1.00,AMB,,,,,,,,,,,,,,,,,,,,,
07-11-2020,B03,B03E,3265,31.92,0.0927,29.04,6.00,1.00,AMB,,,,,,,,,,,,,,,,,,,,,
07-11-2020,B03,B03E,3266,21.26,0.0591,27.80,6.00,1.00,AMB,,,,,,,,,,,,,,,,,,,,,
07-11-2020,B03,B03E,3267,62.99,0.1825,28.97,6.00,1.00,AMB,,,,,,,,,,,,,,,,,,,,,
07-11-2020,B03,B03E,3270,80.12,0.2770,34.57,6.00,1.00,AMB,,,,,,,,,,,,,,,,,,,,,
07-11-2020,B03,B03E,2130,50.90,0.1963,38.57,6.00,1.00,AMB,,,,,,,,,,,,,,,,,,,,,
07-11-2020,B03,B03E,3271,47.43,0.1329,28.02,6.00,1.00,AMB,,,,,,,,,,,,,,,,,,,,,
07-11-2020,B03,B03W,2060,24.77,0.0707,28.54,6.00,1.00,AMB,,,,,,,,,,,,,,,,,,,,,
07-11-2020,B03,B03W,2062,90.75,0.2435,26.83,6.00,1.00,AMB,,,,,,,,,,,,,,,,,,,,,
07-11-2020,B03,B03W,3272,34.26,0.0871,25.42,6.00,1.00,AMB,,,,,,,,,,,,,,,,,,,,,
07-11-2020,B03,B03W,3273,115.58,0.3422,29.61,6.00,1.00,AMB,,,,,,,,,,,,,,,,,,,,,
07-11-2020,B03,B03W,1968,88.80,0.2373,26.72,6.00,1.00,AMB,,,,,,,,,,,,,,,,,,,,,
07-11-2020,B03,B03W,3276,37.33,0.0856,22.93,6.00,1.00,AMB,,,,,,,,,,,,,,,,,,,,,
07-11-2020,B03,B03W,2003,33.90,0.0921,27.17,6.00,1.00,AMB,,,,,,,,,,,,,,,,,,,,,
07-11-2020,B03,B03W,3277,63.28,0.1554,24.56,6.00,1.00,AMB,,,,,,,,,,,,,,,,,,,,,
07-11-2020,B03,B03W,3278,41.91,0.1305,31.14,6.00,1.00,AMB,,,,,,,,,,,,,,,,,,,,,
07-11-2020,B03,B03W,3280,43.73,0.1905,43.56,6.00,1.00,AMB,,,,,,,,,,,,,,,,,,,,,
07-11-2020,B03,B03W,3279,69.07,0.2264,32.78,6.00,1.00,AMB,,,,,,,,,,,,,,,,,,,,,
07-11-2020,B03,B03W,2061,70.02,0.1857,26.52,6.00,1.00,AMB,,,,,,,,,,,,,,,,,,,,,
07-12-2020,B04,B04E,4108,109.88,0.2619,23.84,6.00,1.00,AMB,,,,,,,,,,,,,,,,,,,,,
07-12-2020,B04,B04E,2263,46.93,0.1256,26.76,6.00,1.00,AMB,,,,,,,,,,,,,,,,,,,,,
07-12-2020,B04,B04E,4602,58.58,0.1765,30.13,6.00,1.00,AMB,,,,,,,,,,,,,,,,,,,,,
07-12-2020,B04,B04E,2262,60.16,0.1646,27.36,6.00,1.00,AMB,,,,,,,,,,,,,,,,,,,,,
07-12-2020,B04,B04E,4111,82.57,0.1896,22.96,6.00,1.00,AMB,,,,,,,,,,,,,,,,,,,,,
07-12-2020,B04,B04E,2334,83.04,0.1744,21.00,6.00,1.00,AMB,,,,,,,,,,,,,,,,,,,,,
07-12-2020,B04,B04E,4113,47.04,0.1347,28.64,6.00,1.00,AMB,,,,,,,,,,,,,,,,,,,,,
07-12-2020,B04,B04E,4114,44.79,0.1053,23.51,6.00,1.00,AMB,,,,,,,,,,,,,,,,,,,,,
07-12-2020,B04,B04E,4112,51.72,0.2169,41.94,6.00,1.00,AMB,,,,,,,,,,,,,,,,,,,,,
07-12-2020,B04,B04E,4109,77.16,0.1953,25.31,6.00,1.00,AMB,,,,,,,,,,,,,,,,,,,,,
07-12-2020,B04,B04E,4110,54.90,0.1508,27.47,6.00,1.00,AMB,,,,,,,,,,,,,,,,,,,,,
07-12-2020,B04,B04E,2311,74.79,0.2907,38.87,6.00,1.00,AMB,,,,,,,,,,,,,,,,,,,,,
07-12-2020,B04,B04E,2312,74.17,0.2716,36.62,6.00,1.00,AMB,,,,,,,,,,,,,,,,,,,,,
07-12-2020,B04,B04W,2226,165.28,0.5276,31.92,6.00,1.00,AMB,,,,,,,,,,,,,,,,,,,,,
07-12-2020,B04,B04W,2227,76.68,0.2105,27.45,6.00,1.00,AMB,,,,,,,,,,,,,,,,,,,,,
07-12-2020,B04,B04W,2228,92.96,0.3117,33.53,6.00,1.00,AMB,,,,,,,,,,,,,,,,,,,,,
07-12-2020,B04,B04W,4126,34.32,0.0969,28.23,6.00,1.00,AMB,,,,,,,,,,,,,,,,,,,,,
07-12-2020,B04,B04W,4127,61.44,0.2995,48.75,6.00,1.00,AMB,,,,,,,,,,,,,,,,,,,,,
07-12-2020,B04,B04W,2206,43.98,0.1083,24.62,6.00,1.00,AMB,,,,,,,,,,,,,,,,,,,,,
07-12-2020,B04,B04W,4121,68.83,0.3127,45.43,6.00,1.00,AMB,,,,,,,,,,,,,,,,,,,,,
07-12-2020,B04,B04W,4122,65.48,0.2095,31.99,6.00,1.00,AMB,,,,,,,,,,,,,,,,,,,,,
07-12-2020,B04,B04W,4120,62.20,0.2479,39.86,6.00,1.00,AMB,,,,,,,,,,,,,,,,,,,,,
07-12-2020,B04,B04W,4124,48.86,0.1947,39.85,6.00,1.00,AMB,,,,,,,,,,,,,,,,,,,,,
07-12-2020,B04,B04W,4125,61.17,0.2539,41.51,6.00,1.00,AMB,,,,,,,,,,,,,,,,,,,,,
07-12-2020,B04,B04W,4123,69.34,0.2829,40.80,6.00,1.00,AMB,,,,,,,,,,,,,,,,,,,,,
07-20-2020,C01,C01E,0775,68.87,0.1975,28.68,6.00,1.00,AMB,,,,,,,,,,,,,,,,,,,,,
07-20-2020,C01,C01E,0806,41.49,0.1179,28.42,6.00,1.00,AMB,,,,,,,,,,,,,,,,,,,,,
07-20-2020,C01,C01E,3966,69.32,0.2163,31.20,6.00,1.00,AMB,,,,,,,,,,,,,,,,,,,,,
07-20-2020,C01,C01E,3962,56.57,0.1459,25.79,6.00,1.00,AMB,,,,,,,,,,,,,,,,,,,,,
07-20-2020,C01,C01E,3963,62.97,0.1752,27.82,6.00,1.00,AMB,,,,,,,,,,,,,,,,,,,,,
07-20-2020,C01,C01E,3959,29.64,0.0892,30.09,6.00,1.00,AMB,,,,,,,,,,,,,,,,,,,,,
07-20-2020,C01,C01E,0805,50.27,0.1421,28.27,6.00,1.00,AMB,,,,,,,,,,,,,,,,,,,,,
07-20-2020,C01,C01E,0736,1.480,0.0155,104.73,1.48,4.05,AMB,,,,,,,,,,,,,,,,,,,,,
07-20-2020,C01,C01E,3958,1.098,0.0115,104.74,1.10,5.46,AMB,,,,,,,,,,,,,,,,,,,,,
07-20-2020,C01,C01E,3960,0.902,0.0079,87.58,0.90,6.65,AMB,,,,,,,,,,,,,,,,,,,,,
07-20-2020,C01,C01E,3961,0.902,0.0086,95.34,0.90,6.65,AMB,,,,,,,,,,,,,,,,,,,,,
07-20-2020,C01,C01E,0737,0.966,0.0085,87.99,0.97,6.21,AMB,,,,,,,,,,,,,,,,,,,,,
07-20-2020,C01,C01W,0879,18.62,0.1061,56.98,6.00,1.00,AMB,,,,,,,,,,,,,,,,,,,,,
07-20-2020,C01,C01W,3948,25.50,0.0850,33.33,6.00,1.00,AMB,,,,,,,,,,,,,,,,,,,,,
07-20-2020,C01,C01W,3949,41.81,0.1867,44.65,6.00,1.00,AMB,,,,,,,,,,,,,,,,,,,,,
07-20-2020,C01,C01W,3947,119.86,0.5895,49.18,6.00,1.00,AMB,,,,,,,,,,,,,,,,,,,,,
07-20-2020,C01,C01W,3944,60.08,0.2328,38.75,6.00,1.00,AMB,,,,,,,,,,,,,,,,,,,,,
07-20-2020,C01,C01W,3943,37.87,0.1273,33.61,6.00,1.00,AMB,,,,,,,,,,,,,,,,,,,,,
07-20-2020,C01,C01W,3942,25.18,0.0844,33.52,6.00,1.00,AMB,,,,,,,,,,,,,,,,,,,,,
07-20-2020,C01,C01W,3950,20.65,0.1149,55.64,6.00,1.00,AMB,,,,,,,,,,,,,,,,,,,,,
07-20-2020,C01,C01W,3951,31.04,0.1121,36.11,6.00,1.00,AMB,,,,,,,,,,,,,,,,,,,,,
07-20-2020,C01,C01W,3955,57.46,0.2937,51.11,6.00,1.00,AMB,,,,,,,,,,,,,,,,,,,,,
07-20-2020,C01,C01W,3954,20.49,0.0661,32.26,6.00,1.00,AMB,,,,,,,,,,,,,,,,,,,,,
07-20-2020,C01,C01W,3953,48.64,0.1526,31.37,6.00,1.00,AMB,,,,,,,,,,,,,,,,,,,,,
07-17-2020,C02,C02E,3980,146.94,0.4523,30.78,6.00,1.00,AMB,,,,,,,,,,,,,,,,,,,,,
07-17-2020,C02,C02E,3986,175.13,0.4860,27.75,6.00,1.00,AMB,,,,,,,,,,,,,,,,,,,,,
07-17-2020,C02,C02E,3985,148.07,0.4822,32.57,6.00,1.00,AMB,,,,,,,,,,,,,,,,,,,,,
07-17-2020,C02,C02E,3988,51.24,0.1643,32.06,6.00,1.00,AMB,,,,,,,,,,,,,,,,,,,,,
07-17-2020,C02,C02E,3989,187.03,0.5888,31.48,6.00,1.00,AMB,,,,,,,,,,,,,,,,,,,,,
07-17-2020,C02,C02E,3990,124.56,0.4620,37.09,6.00,1.00,AMB,,,,,,,,,,,,,,,,,,,,,
07-17-2020,C02,C02E,3991,106.76,0.3850,36.06,6.00,1.00,AMB,,,,,,,,,,,,,,,,,,,,,
07-17-2020,C02,C02E,3992,111.33,0.3701,33.24,6.00,1.00,AMB,,,,,,,,,,,,,,,,,,,,,
07-17-2020,C02,C02E,3993,189.76,0.7365,38.81,6.00,1.00,AMB,,,,,,,,,,,,,,,,,,,,,
07-17-2020,C02,C02E,1101,0.229,0.0154,672.49,0.23,26.20,AMB,,,,,,,,,,,,,,,,,,,,,
07-17-2020,C02,C02E,1102,0.144,0.0175,1215.28,0.14,41.67,AMB,,,,,,,,,,,,,,,,,,,,,
07-17-2020,C02,C02E,3987,0.125,0.0186,1488.00,0.13,48.00,AMB,,,,,,,,,,,,,,,,,,,,,
07-17-2020,C02,C02E,3981,0.030,0.0150,5000.00,0.03,200.00,AMB,,,,,,,,,,,,,,,,,,,,,
07-17-2020,C02,C02E,3982,0.108,0.0176,1629.63,0.11,55.56,AMB,,,,,,,,,,,,,,,,,,,,,
07-17-2020,C02,C02W,3974,64.22,0.1624,25.29,6.00,1.00,AMB,,,,,,,,,,,,,,,,,,,,,
07-17-2020,C02,C02W,0934,91.13,0.2952,32.39,6.00,1.00,AMB,,,,,,,,,,,,,,,,,,,,,
07-17-2020,C02,C02W,3976,103.83,0.3344,32.21,6.00,1.00,AMB,,,,,,,,,,,,,,,,,,,,,
07-17-2020,C02,C02W,0931,73.60,0.3230,43.89,6.00,1.00,AMB,,,,,,,,,,,,,,,,,,,,,
07-17-2020,C02,C02W,3978,72.12,0.2205,30.57,6.00,1.00,AMB,,,,,,,,,,,,,,,,,,,,,
07-17-2020,C02,C02W,3977,12.79,0.0524,40.97,6.00,1.00,AMB,,,,,,,,,,,,,,,,,,,,,
07-17-2020,C02,C02W,3979,44.44,0.1489,33.51,6.00,1.00,AMB,,,,,,,,,,,,,,,,,,,,,
07-17-2020,C02,C02W,3969,40.15,0.1094,27.25,6.00,1.00,AMB,,,,,,,,,,,,,,,,,,,,,
07-17-2020,C02,C02W,3968,192.18,0.5961,31.02,6.00,1.00,AMB,,,,,,,,,,,,,,,,,,,,,
07-17-2020,C02,C02W,3973,26.58,0.0789,29.68,6.00,1.00,AMB,,,,,,,,,,,,,,,,,,,,,
07-17-2020,C02,C02W,0966,60.60,0.1597,26.35,6.00,1.00,AMB,,,,,,,,,,,,,,,,,,,,,
07-17-2020,C02,C02W,3970,0.40,0.0221,547.03,0.40,14.85,AMB,,,,,,,,,,,,,,,,,,,,,
07-20-2020,C03,C03E,3184,150.61,0.3857,25.61,6.00,1.00,AMB,,,,,,,,,,,,,,,,,,,,,
07-20-2020,C03,C03E,3185,31.52,0.0880,27.92,6.00,1.00,AMB,,,,,,,,,,,,,,,,,,,,,
07-20-2020,C03,C03E,3186,69.51,0.1732,24.92,6.00,1.00,AMB,,,,,,,,,,,,,,,,,,,,,
07-20-2020,C03,C03E,3183,63.34,0.2268,35.81,6.00,1.00,AMB,,,,,,,,,,,,,,,,,,,,,
07-20-2020,C03,C03E,3181,239.30,1.0018,41.86,6.00,1.00,AMB,,,,,,,,,,,,,,,,,,,,,
07-20-2020,C03,C03E,3182,70.37,0.2843,40.40,6.00,1.00,AMB,,,,,,,,,,,,,,,,,,,,,
07-20-2020,C03,C03E,4609,81.12,0.2682,33.06,6.00,1.00,AMB,,,,,,,,,,,,,,,,,,,,,
07-20-2020,C03,C03E,1295,32.65,0.2448,74.98,6.00,1.00,AMB,,,,,,,,,,,,,,,,,,,,,
07-20-2020,C03,C03E,1273,158.70,0.5906,37.21,6.00,1.00,AMB,,,,,,,,,,,,,,,,,,,,,
07-20-2020,C03,C03E,1274,130.69,0.3916,29.96,6.00,1.00,AMB,,,,,,,,,,,,,,,,,,,,,
07-20-2020,C03,C03E,1272,176.87,0.5014,28.35,6.00,1.00,AMB,,,,,,,,,,,,,,,,,,,,,
07-20-2020,C03,C03E,3179,27.99,0.1018,36.37,6.00,1.00,AMB,,,,,,,,,,,,,,,,,,,,,
07-20-2020,C03,C03E,1292,26.23,0.1651,62.94,6.00,1.00,AMB,,,,,,,,,,,,,,,,,,,,,
07-20-2020,C03,C03E,4608,59.55,0.2064,34.66,6.00,1.00,AMB,,,,,,,,,,,,,,,,,,,,,
07-20-2020,C03,C03W,3167,169.42,0.5117,30.20,6.00,1.00,AMB,,,,,,,,,,,,,,,,,,,,,
07-20-2020,C03,C03W,3166,166.65,0.5061,30.37,6.00,1.00,AMB,,,,,,,,,,,,,,,,,,,,,
07-20-2020,C03,C03W,3168,116.56,0.3498,30.01,6.00,1.00,AMB,,,,,,,,,,,,,,,,,,,,,
07-20-2020,C03,C03W,1198,67.47,0.1900,28.16,6.00,1.00,AMB,,,,,,,,,,,,,,,,,,,,,
07-20-2020,C03,C03W,3169,84.22,0.2577,30.60,6.00,1.00,AMB,,,,,,,,,,,,,,,,,,,,,
07-20-2020,C03,C03W,4607,87.13,0.2659,30.52,6.00,1.00,AMB,,,,,,,,,,,,,,,,,,,,,
07-20-2020,C03,C03W,3171,99.59,0.3531,35.46,6.00,1.00,AMB,,,,,,,,,,,,,,,,,,,,,
07-20-2020,C03,C03W,3173,169.49,0.5947,35.09,6.00,1.00,AMB,,,,,,,,,,,,,,,,,,,,,
07-20-2020,C03,C03W,3172,55.48,0.2015,36.32,6.00,1.00,AMB,,,,,,,,,,,,,,,,,,,,,
07-20-2020,C03,C03W,3174,117.60,0.3880,32.99,6.00,1.00,AMB,,,,,,,,,,,,,,,,,,,,,
07-20-2020,C03,C03W,3175,116.58,0.2771,23.77,6.00,1.00,AMB,,,,,,,,,,,,,,,,,,,,,
07-20-2020,C03,C03W,3176,132.01,0.5389,40.82,6.00,1.00,AMB,,,,,,,,,,,,,,,,,,,,,
07-17-2020,C04,C04E,3342,97.66,0.3573,36.59,6.00,1.00,AMB,,,,,,,,,,,,,,,,,,,,,
07-17-2020,C04,C04E,3343,35.43,0.1381,38.98,6.00,1.00,AMB,,,,,,,,,,,,,,,,,,,,,
07-17-2020,C04,C04E,3344,62.42,0.3134,50.21,6.00,1.00,AMB,,,,,,,,,,,,,,,,,,,,,
07-17-2020,C04,C04E,3331,46.46,0.1668,35.90,6.00,1.00,AMB,,,,,,,,,,,,,,,,,,,,,
07-17-2020,C04,C04E,3333,169.63,0.7158,42.20,6.00,1.00,AMB,,,,,,,,,,,,,,,,,,,,,
07-17-2020,C04,C04E,3334,35.61,0.1252,35.16,6.00,1.00,AMB,,,,,,,,,,,,,,,,,,,,,
07-17-2020,C04,C04E,3335,68.14,0.2361,34.65,6.00,1.00,AMB,,,,,,,,,,,,,,,,,,,,,
07-17-2020,C04,C04E,3338,39.14,0.2003,51.18,6.00,1.00,AMB,,,,,,,,,,,,,,,,,,,,,
07-17-2020,C04,C04E,3340,59.52,0.2222,37.33,6.00,1.00,AMB,,,,,,,,,,,,,,,,,,,,,
07-17-2020,C04,C04E,3339,45.05,0.2135,47.39,6.00,1.00,AMB,,,,,,,,,,,,,,,,,,,,,
07-17-2020,C04,C04E,1515,NA,0.0094,NA,6.00,1.00,AMB,"area was not taken before placement in drying oven, bag may have been overlooked",,,,,,,,,,,,,,,,,,,,
07-17-2020,C04,C04E,3329,197.98,1.0634,53.71,6.00,1.00,AMB,,,,,,,,,,,,,,,,,,,,,
07-17-2020,C04,C04E,3330,53.94,0.1750,32.44,6.00,1.00,AMB,,,,,,,,,,,,,,,,,,,,,
07-17-2020,C04,C04W,4623,43.05,0.1417,32.92,6.00,1.00,AMB,,,,,,,,,,,,,,,,,,,,,
07-17-2020,C04,C04W,1451,55.77,0.2597,46.57,6.00,1.00,AMB,,,,,,,,,,,,,,,,,,,,,
07-17-2020,C04,C04W,3327,35.64,0.1240,34.79,6.00,1.00,AMB,,,,,,,,,,,,,,,,,,,,,
07-17-2020,C04,C04W,3326,46.85,0.2183,46.60,6.00,1.00,AMB,,,,,,,,,,,,,,,,,,,,,
07-17-2020,C04,C04W,3314,0.202,0.0173,856.44,0.20,29.70,AMB,,,,,,,,,,,,,,,,,,,,,
07-17-2020,C04,C04W,3313,44.05,0.1578,35.82,6.00,1.00,AMB,,,,,,,,,,,,,,,,,,,,,
07-17-2020,C04,C04W,3312,67.43,0.3719,55.15,6.00,1.00,AMB,,,,,,,,,,,,,,,,,,,,,
07-17-2020,C04,C04W,3316,16.82,0.0609,36.21,6.00,1.00,AMB,,,,,,,,,,,,,,,,,,,,,
07-17-2020,C04,C04W,3318,54.16,0.1521,28.08,6.00,1.00,AMB,,,,,,,,,,,,,,,,,,,,,
07-17-2020,C04,C04W,3319,40.84,0.1199,29.36,6.00,1.00,AMB,,,,,,,,,,,,,,,,,,,,,
07-17-2020,C04,C04W,3317,23.68,0.0787,33.23,6.00,1.00,AMB,,,,,,,,,,,,,,,,,,,,,
07-17-2020,C04,C04W,3323,64.22,0.2089,32.53,6.00,1.00,AMB,,,,,,,,,,,,,,,,,,,,,
07-17-2020,C04,C04W,3322,54.17,0.2692,49.70,6.00,1.00,AMB,,,,,,,,,,,,,,,,,,,,,
07-24-2020,D01,D01E,0649,53.22,0.2922,54.90,6.00,1.00,AMB,,,,,,,,,,,,,,,,,,,,,
07-24-2020,D01,D01E,0647,55.45,0.3048,54.97,6.00,1.00,AMB,,,,,,,,,,,,,,,,,,,,,
07-24-2020,D01,D01E,4620,65.33,0.3321,50.83,6.00,1.00,AMB,,,,,,,,,,,,,,,,,,,,,
07-24-2020,D01,D01E,0667,45.40,0.1698,37.40,6.00,1.00,AMB,,,,,,,,,,,,,,,,,,,,,
07-24-2020,D01,D01E,0668,26.35,0.0755,28.65,6.00,1.00,AMB,,,,,,,,,,,,,,,,,,,,,
07-24-2020,D01,D01E,3213,44.67,0.1267,28.36,6.00,1.00,AMB,,,,,,,,,,,,,,,,,,,,,
07-24-2020,D01,D01E,0690,116.65,0.6362,54.54,6.00,1.00,AMB,,,,,,,,,,,,,,,,,,,,,
07-24-2020,D01,D01E,3214,43.50,0.2865,65.86,6.00,1.00,AMB,,,,,,,,,,,,,,,,,,,,,
07-24-2020,D01,D01E,0697,56.35,0.3368,59.77,6.00,1.00,AMB,,,,,,,,,,,,,,,,,,,,,
07-24-2020,D01,D01E,4621,59.92,0.2487,41.51,6.00,1.00,AMB,,,,,,,,,,,,,,,,,,,,,
07-24-2020,D01,D01E,3218,0.939,0.0126,134.19,0.94,6.39,AMB,,,,,,,,,,,,,,,,,,,,,
07-24-2020,D01,D01E,0689,0.867,0.0110,126.87,0.87,6.92,AMB,,,,,,,,,,,,,,,,,,,,,
07-24-2020,D01,D01E,0704,68.17,0.3721,54.58,6.00,1.00,AMB,,,,,,,,,,,,,,,,,,,,,
07-24-2020,D01,D01W,3220,24.82,0.1104,44.48,6.00,1.00,AMB,,,,,,,,,,,,,,,,,,,,,
07-24-2020,D01,D01W,0637,59.54,0.3147,52.86,6.00,1.00,AMB,,,,,,,,,,,,,,,,,,,,,
07-24-2020,D01,D01W,3221,0.616,0.0136,220.78,0.62,9.74,AMB,,,,,,,,,,,,,,,,,,,,,
07-24-2020,D01,D01W,3229,0.817,0.0098,119.95,0.82,7.34,AMB,,,,,,,,,,,,,,,,,,,,,
07-24-2020,D01,D01W,3230,0.713,0.0094,131.84,0.71,8.42,AMB,,,,,,,,,,,,,,,,,,,,,
07-24-2020,D01,D01W,0591,0.831,0.0091,109.51,0.83,7.22,AMB,,,,,,,,,,,,,,,,,,,,,
07-24-2020,D01,D01W,3226,0.746,0.0064,85.79,0.75,8.04,AMB,,,,,,,,,,,,,,,,,,,,,
07-24-2020,D01,D01W,3225,0.959,0.0103,107.40,0.96,6.26,AMB,,,,,,,,,,,,,,,,,,,,,
07-24-2020,D01,D01W,3227,0.814,0.0113,138.82,0.81,7.37,AMB,,,,,,,,,,,,,,,,,,,,,
07-24-2020,D01,D01W,4619,0.845,0.0079,93.49,0.85,7.10,AMB,,,,,,,,,,,,,,,,,,,,,
07-24-2020,D01,D01W,0620,0.808,0.0100,123.89,0.81,7.43,AMB,,,,,,,,,,,,,,,,,,,,,
07-24-2020,D01,D01W,0625,0.687,0.0082,119.36,0.69,8.73,AMB,,,,,,,,,,,,,,,,,,,,,
07-24-2020,D01,D01W,3224,0.631,0.0124,196.51,0.63,9.51,AMB,,,,,,,,,,,,,,,,,,,,,
07-24-2020,D02,D02E,3285,0.779,0.0113,145.06,0.78,7.70,AMB,,,,,,,,,,,,,,,,,,,,,
07-24-2020,D02,D02E,3295,0.802,0.0113,140.90,0.80,7.48,AMB,,,,,,,,,,,,,,,,,,,,,
07-24-2020,D02,D02E,3284,58.22,0.3314,56.92,6.00,1.00,AMB,,,,,,,,,,,,,,,,,,,,,
07-24-2020,D02,D02E,3283,56.74,0.3616,63.73,6.00,1.00,AMB,,,,,,,,,,,,,,,,,,,,,
07-24-2020,D02,D02E,3289,103.63,0.7021,67.75,6.00,1.00,AMB,,,,,,,,,,,,,,,,,,,,,
07-24-2020,D02,D02E,0325,0.521,0.0087,166.99,0.52,11.52,AMB,,,,,,,,,,,,,,,,,,,,,
07-24-2020,D02,D02E,0346,65.15,0.4293,65.89,6.00,1.00,AMB,,,,,,,,,,,,,,,,,,,,,
07-24-2020,D02,D02E,3290,27.18,0.1224,45.03,6.00,1.00,AMB,,,,,,,,,,,,,,,,,,,,,
07-24-2020,D02,D02E,3294,29.01,0.1140,39.30,6.00,1.00,AMB,,,,,,,,,,,,,,,,,,,,,
07-24-2020,D02,D02E,3293,65.68,0.4110,62.58,6.00,1.00,AMB,,,,,,,,,,,,,,,,,,,,,
07-24-2020,D02,D02E,3286,53.70,0.3076,57.28,6.00,1.00,AMB,,,,,,,,,,,,,,,,,,,,,
07-24-2020,D02,D02E,3287,59.31,0.4581,77.24,6.00,1.00,AMB,,,,,,,,,,,,,,,,,,,,,
07-24-2020,D02,D02E,3288,58.96,0.2462,41.76,6.00,1.00,AMB,,,,,,,,,,,,,,,,,,,,,
07-24-2020,D02,D02E,4622,82.32,0.4568,55.49,6.00,1.00,AMB,,,,,,,,,,,,,,,,,,,,,
07-24-2020,D02,D02W,3231,54.85,0.2842,51.81,6.00,1.00,AMB,,,,,,,,,,,,,,,,,,,,,
07-24-2020,D02,D02W,3232,47.52,0.1699,35.75,6.00,1.00,AMB,,,,,,,,,,,,,,,,,,,,,
07-24-2020,D02,D02W,3233,53.39,0.1632,30.57,6.00,1.00,AMB,,,,,,,,,,,,,,,,,,,,,
07-24-2020,D02,D02W,3236,37.99,0.1949,51.30,6.00,1.00,AMB,,,,,,,,,,,,,,,,,,,,,
07-24-2020,D02,D02W,0242,34.21,0.1774,51.86,6.00,1.00,AMB,,,,,,,,,,,,,,,,,,,,,
07-24-2020,D02,D02W,3237,67.55,0.3147,46.59,6.00,1.00,AMB,,,,,,,,,,,,,,,,,,,,,
07-24-2020,D02,D02W,3240,33.91,0.2129,62.78,6.00,1.00,AMB,,,,,,,,,,,,,,,,,,,,,
07-24-2020,D02,D02W,3239,49.38,0.2392,48.44,6.00,1.00,AMB,,,,,,,,,,,,,,,,,,,,,
07-24-2020,D02,D02W,0259,0.706,0.0153,216.71,0.71,8.50,AMB,,,,,,,,,,,,,,,,,,,,,
07-24-2020,D02,D02W,3242,0.806,0.0120,148.88,0.81,7.44,AMB,,,,,,,,,,,,,,,,,,,,,
07-24-2020,D02,D02W,0277,0.714,0.0140,196.08,0.71,8.40,AMB,,,,,,,,,,,,,,,,,,,,,
07-24-2020,D02,D02W,3243,0.546,0.0099,181.32,0.55,10.99,AMB,,,,,,,,,,,,,,,,,,,,,
07-22-2020,D03,D03E,3205,77.61,0.4629,59.64,6.00,1.00,AMB,,,,,,,,,,,,,,,,,,,,,
07-22-2020,D03,D03E,4618,72.53,0.2347,32.36,6.00,1.00,AMB,,,,,,,,,,,,,,,,,,,,,
07-22-2020,D03,D03E,3210,42.68,0.1469,34.42,6.00,1.00,AMB,,,,,,,,,,,,,,,,,,,,,
07-22-2020,D03,D03E,3208,72.76,0.2910,39.99,6.00,1.00,AMB,,,,,,,,,,,,,,,,,,,,,
07-22-2020,D03,D03E,3209,55.36,0.2273,41.06,6.00,1.00,AMB,,,,,,,,,,,,,,,,,,,,,
07-22-2020,D03,D03E,0441,45.64,0.3348,73.36,6.00,1.00,AMB,,,,,,,,,,,,,,,,,,,,,
07-22-2020,D03,D03E,4617,107.09,0.4875,45.52,6.00,1.00,AMB,,,,,,,,,,,,,,,,,,,,,
07-22-2020,D03,D03E,3206,129.52,0.8064,62.26,6.00,1.00,AMB,,,,,,,,,,,,,,,,,,,,,
07-22-2020,D03,D03E,0388,20.48,0.1097,53.56,6.00,1.00,AMB,,,,,,,,,,,,,,,,,,,,,
07-22-2020,D03,D03E,0389,34.69,0.1848,53.27,6.00,1.00,AMB,,,,,,,,,,,,,,,,,,,,,
07-22-2020,D03,D03E,0390,72.60,0.2262,31.16,6.00,1.00,AMB,,,,,,,,,,,,,,,,,,,,,
07-22-2020,D03,D03E,4615,65.31,0.1929,29.54,6.00,1.00,AMB,,,,,,,,,,,,,,,,,,,,,
07-22-2020,D03,D03E,4616,69.00,0.1914,27.74,6.00,1.00,AMB,,,,,,,,,,,,,,,,,,,,,
07-22-2020,D03,D03E,3201,97.04,0.4544,46.83,6.00,1.00,AMB,,,,,,,,,,,,,,,,,,,,,
07-22-2020,D03,D03E,3202,30.90,0.1640,53.07,6.00,1.00,AMB,,,,,,,,,,,,,,,,,,,,,
07-21-2020,D03,D03W,3188,58.65,0.4116,70.18,6.00,1.00,AMB,,,,,,,,,,,,,,,,,,,,,
07-21-2020,D03,D03W,3192,23.51,0.1156,49.17,6.00,1.00,AMB,,,,,,,,,,,,,,,,,,,,,
07-21-2020,D03,D03W,0538,77.49,0.2977,38.42,6.00,1.00,AMB,,,,,,,,,,,,,,,,,,,,,
07-21-2020,D03,D03W,0527,46.35,0.1590,34.30,6.00,1.00,AMB,,,,,,,,,,,,,,,,,,,,,
07-21-2020,D03,D03W,3190,30.65,0.0853,27.83,6.00,1.00,AMB,,,,,,,,,,,,,,,,,,,,,
07-21-2020,D03,D03W,0526,54.87,0.1853,33.77,6.00,1.00,AMB,,,,,,,,,,,,,,,,,,,,,
07-21-2020,D03,D03W,3187,50.16,0.2540,50.64,6.00,1.00,AMB,,,,,,,,,,,,,,,,,,,,,
07-21-2020,D03,D03W,0517,0.928,0.0129,139.01,0.93,6.47,AMB,,,,,,,,,,,,,,,,,,,,,
07-21-2020,D03,D03W,4614,68.50,0.4689,68.45,6.00,1.00,AMB,,,,,,,,,,,,,,,,,,,,,
07-21-2020,D03,D03W,3193,57.96,0.3781,65.23,6.00,1.00,AMB,,,,,,,,,,,,,,,,,,,,,
07-21-2020,D03,D03W,3196,64.08,0.3877,60.50,6.00,1.00,AMB,,,,,,,,,,,,,,,,,,,,,
07-21-2020,D03,D03W,3197,39.52,0.2334,59.06,6.00,1.00,AMB,,,,,,,,,,,,,,,,,,,,,
07-21-2020,D03,D03W,3198,60.36,0.2923,48.43,6.00,1.00,AMB,,,,,,,,,,,,,,,,,,,,,
07-21-2020,D03,D03W,0513,62.75,0.4584,73.05,6.00,1.00,AMB,,,,,,,,,,,,,,,,,,,,,
07-21-2020,D04,D04E,0149,30.03,0.2223,74.03,6.00,1.00,AMB,,,,,,,,,,,,,,,,,,,,,
07-21-2020,D04,D04E,3301,57.66,0.2576,44.68,6.00,1.00,AMB,,,,,,,,,,,,,,,,,,,,,
07-21-2020,D04,D04E,0154,98.27,0.5917,60.21,6.00,1.00,AMB,,,,,,,,,,,,,,,,,,,,,
07-21-2020,D04,D04E,3302,30.56,0.1330,43.52,6.00,1.00,AMB,,,,,,,,,,,,,,,,,,,,,
07-21-2020,D04,D04E,3309,1.281,0.0088,68.70,1.28,4.68,AMB,,,,,,,,,,,,,,,,,,,,,
07-21-2020,D04,D04E,3310,1.111,0.0107,96.31,1.11,5.40,AMB,,,,,,,,,,,,,,,,,,,,,
07-21-2020,D04,D04E,0196,1.202,0.0135,112.31,1.20,4.99,AMB,,,,,,,,,,,,,,,,,,,,,
07-21-2020,D04,D04E,3307,0.017,0.0086,5058.82,0.02,352.94,AMB,one needle missing when weighed,,,,,,,,,,,,,,,,,,,,
07-21-2020,D04,D04E,3306,0.157,0.0091,579.62,0.16,38.22,AMB,,,,,,,,,,,,,,,,,,,,,
07-21-2020,D04,D04E,3305,1.266,0.0144,113.74,1.27,4.74,AMB,,,,,,,,,,,,,,,,,,,,,
07-21-2020,D04,D04E,0174,1.181,0.0122,103.30,1.18,5.08,AMB,,,,,,,,,,,,,,,,,,,,,
07-21-2020,D04,D04E,0175,0.940,0.0104,110.64,0.94,6.38,AMB,,,,,,,,,,,,,,,,,,,,,
07-21-2020,D04,D04E,0160,1.228,0.0106,86.32,1.23,4.89,AMB,,,,,,,,,,,,,,,,,,,,,
07-21-2020,D04,D04E,0161,1.233,0.0112,90.84,1.23,4.87,AMB,,,,,,,,,,,,,,,,,,,,,
07-21-2020,D04,D04W,3297,48.57,0.2989,61.54,6.00,1.00,AMB,,,,,,,,,,,,,,,,,,,,,
07-21-2020,D04,D04W,0074,15.07,0.1544,102.46,6.00,1.00,AMB,,,,,,,,,,,,,,,,,,,,,
07-21-2020,D04,D04W,3299,17.29,0.0912,52.75,6.00,1.00,AMB,,,,,,,,,,,,,,,,,,,,,
07-21-2020,D04,D04W,0099,1.284,0.0127,98.91,1.28,4.67,AMB,,,,,,,,,,,,,,,,,,,,,
07-21-2020,D04,D04W,4613,1.233,0.0127,103.00,1.23,4.87,AMB,,,,,,,,,,,,,,,,,,,,,
07-21-2020,D04,D04W,4612,1.130,0.0118,104.42,1.13,5.31,AMB,,,,,,,,,,,,,,,,,,,,,
07-21-2020,D04,D04W,0133,0.936,0.0104,111.11,0.94,6.41,AMB,,,,,,,,,,,,,,,,,,,,,
07-21-2020,D04,D04W,0131,0.756,0.0093,123.02,0.76,7.94,AMB,,,,,,,,,,,,,,,,,,,,,
07-21-2020,D04,D04W,0101,1.068,0.0119,111.42,1.07,5.62,AMB,,,,,,,,,,,,,,,,,,,,,
07-21-2020,D04,D04W,0100,1.484,0.0144,97.04,1.48,4.04,AMB,,,,,,,,,,,,,,,,,,,,,
07-21-2020,D04,D04W,3298,0.964,0.0105,108.92,0.96,6.22,AMB,,,,,,,,,,,,,,,,,,,,,
07-21-2020,D04,D04W,4611,1.065,0.0114,107.04,1.07,5.63,AMB,,,,,,,,,,,,,,,,,,,,,
07-21-2020,D04,D04W,0060,1.017,0.0096,94.40,1.02,5.90,AMB,,,,,,,,,,,,,,,,,,,,,
07-21-2020,D04,D04W,0063,0.800,0.0097,121.25,0.80,7.50,AMB,,,,,,,,,,,,,,,,,,,,,
07-21-2020,D04,D04W,0016,1.276,0.0173,135.58,1.28,4.70,AMB,,,,,,,,,,,,,,,,,,,,,
07-21-2020,D04,D04W,4610,1.198,0.0116,96.83,1.20,5.01,AMB,,,,,,,,,,,,,,,,,,,,,
07-21-2020,D04,D04W,0015,1.060,0.0098,92.45,1.06,5.66,AMB,,,,,,,,,,,,,,,,,,,,,
07-21-2020,D04,D04W,0019,0.937,0.0170,181.43,0.94,6.40,AMB,,,,,,,,,,,,,,,,,,,,,
,,,,,,,,,,,,,,,,,,,,,,,,,,,,,,
,,,,,,,,,,,,,,,,,,,,,,,,,,,,,,
,,,,,,,,,,,,,,,,,,,,,,,,,,,,,,
,,,,,,,,,,,,,,,,,,,,,,,,,,,,,,
,,,,,,,,,,,,,,,,,,,,,,,,,,,,,,
,,,,,,,,,,,,,,,,,,,,,,,,,,,,,,
,,,,,,,,,,,,,,,,,,,,,,,,,,,,,,
,,,,,,,,,,,,,,,,,,,,,,,,,,,,,,
,,,,,,,,,,,,,,,,,,,,,,,,,,,,,,
,,,,,,,,,,,,,,,,,,,,,,,,,,,,,,
,,,,,,,,,,,,,,,,,,,,,,,,,,,,,,
,,,,,,,,,,,,,,,,,,,,,,,,,,,,,,
,,,,,,,,,,,,,,,,,,,,,,,,,,,,,,
,,,,,,,,,,,,,,,,,,,,,,,,,,,,,,
,,,,,,,,,,,,,,,,,,,,,,,,,,,,,,
,,,,,,,,,,,,,,,,,,,,,,,,,,,,,,
,,,,,,,,,,,,,,,,,,,,,,,,,,,,,,
,,,,,,,,,,,,,,,,,,,,,,,,,,,,,,
,,,,,,,,,,,,,,,,,,,,,,,,,,,,,,
,,,,,,,,,,,,,,,,,,,,,,,,,,,,,,
,,,,,,,,,,,,,,,,,,,,,,,,,,,,,,
,,,,,,,,,,,,,,,,,,,,,,,,,,,,,,
,,,,,,,,,,,,,,,,,,,,,,,,,,,,,,
,,,,,,,,,,,,,,,,,,,,,,,,,,,,,,
,,,,,,,,,,,,,,,,,,,,,,,,,,,,,,
,,,,,,,,,,,,,,,,,,,,,,,,,,,,,,
,,,,,,,,,,,,,,,,,,,,,,,,,,,,,,
,,,,,,,,,,,,,,,,,,,,,,,,,,,,,,
,,,,,,,,,,,,,,,,,,,,,,,,,,,,,,
,,,,,,,,,,,,,,,,,,,,,,,,,,,,,,
,,,,,,,,,,,,,,,,,,,,,,,,,,,,,,
,,,,,,,,,,,,,,,,,,,,,,,,,,,,,,
,,,,,,,,,,,,,,,,,,,,,,,,,,,,,,
,,,,,,,,,,,,,,,,,,,,,,,,,,,,,,
,,,,,,,,,,,,,,,,,,,,,,,,,,,,,,
,,,,,,,,,,,,,,,,,,,,,,,,,,,,,,
,,,,,,,,,,,,,,,,,,,,,,,,,,,,,,
,,,,,,,,,,,,,,,,,,,,,,,,,,,,,,
,,,,,,,,,,,,,,,,,,,,,,,,,,,,,,
,,,,,,,,,,,,,,,,,,,,,,,,,,,,,,
,,,,,,,,,,,,,,,,,,,,,,,,,,,,,,
,,,,,,,,,,,,,,,,,,,,,,,,,,,,,,
,,,,,,,,,,,,,,,,,,,,,,,,,,,,,,
,,,,,,,,,,,,,,,,,,,,,,,,,,,,,,
,,,,,,,,,,,,,,,,,,,,,,,,,,,,,,
,,,,,,,,,,,,,,,,,,,,,,,,,,,,,,
,,,,,,,,,,,,,,,,,,,,,,,,,,,,,,
,,,,,,,,,,,,,,,,,,,,,,,,,,,,,,
,,,,,,,,,,,,,,,,,,,,,,,,,,,,,,
,,,,,,,,,,,,,,,,,,,,,,,,,,,,,,
,,,,,,,,,,,,,,,,,,,,,,,,,,,,,,
,,,,,,,,,,,,,,,,,,,,,,,,,,,,,,
,,,,,,,,,,,,,,,,,,,,,,,,,,,,,,
,,,,,,,,,,,,,,,,,,,,,,,,,,,,,,
,,,,,,,,,,,,,,,,,,,,,,,,,,,,,,
,,,,,,,,,,,,,,,,,,,,,,,,,,,,,,
,,,,,,,,,,,,,,,,,,,,,,,,,,,,,,
,,,,,,,,,,,,,,,,,,,,,,,,,,,,,,
,,,,,,,,,,,,,,,,,,,,,,,,,,,,,,
,,,,,,,,,,,,,,,,,,,,,,,,,,,,,,
,,,,,,,,,,,,,,,,,,,,,,,,,,,,,,
,,,,,,,,,,,,,,,,,,,,,,,,,,,,,,
,,,,,,,,,,,,,,,,,,,,,,,,,,,,,,
,,,,,,,,,,,,,,,,,,,,,,,,,,,,,,
,,,,,,,,,,,,,,,,,,,,,,,,,,,,,,
,,,,,,,,,,,,,,,,,,,,,,,,,,,,,,
,,,,,,,,,,,,,,,,,,,,,,,,,,,,,,
,,,,,,,,,,,,,,,,,,,,,,,,,,,,,,
,,,,,,,,,,,,,,,,,,,,,,,,,,,,,,
,,,,,,,,,,,,,,,,,,,,,,,,,,,,,,
,,,,,,,,,,,,,,,,,,,,,,,,,,,,,,
,,,,,,,,,,,,,,,,,,,,,,,,,,,,,,
,,,,,,,,,,,,,,,,,,,,,,,,,,,,,,
,,,,,,,,,,,,,,,,,,,,,,,,,,,,,,
,,,,,,,,,,,,,,,,,,,,,,,,,,,,,,
,,,,,,,,,,,,,,,,,,,,,,,,,,,,,,
,,,,,,,,,,,,,,,,,,,,,,,,,,,,,,
,,,,,,,,,,,,,,,,,,,,,,,,,,,,,,
,,,,,,,,,,,,,,,,,,,,,,,,,,,,,,
,,,,,,,,,,,,,,,,,,,,,,,,,,,,,,
,,,,,,,,,,,,,,,,,,,,,,,,,,,,,,
,,,,,,,,,,,,,,,,,,,,,,,,,,,,,,
,,,,,,,,,,,,,,,,,,,,,,,,,,,,,,
,,,,,,,,,,,,,,,,,,,,,,,,,,,,,,
,,,,,,,,,,,,,,,,,,,,,,,,,,,,,,
,,,,,,,,,,,,,,,,,,,,,,,,,,,,,,
,,,,,,,,,,,,,,,,,,,,,,,,,,,,,,
,,,,,,,,,,,,,,,,,,,,,,,,,,,,,,
,,,,,,,,,,,,,,,,,,,,,,,,,,,,,,
,,,,,,,,,,,,,,,,,,,,,,,,,,,,,,
,,,,,,,,,,,,,,,,,,,,,,,,,,,,,,
,,,,,,,,,,,,,,,,,,,,,,,,,,,,,,
,,,,,,,,,,,,,,,,,,,,,,,,,,,,,,
,,,,,,,,,,,,,,,,,,,,,,,,,,,,,,
,,,,,,,,,,,,,,,,,,,,,,,,,,,,,,
,,,,,,,,,,,,,,,,,,,,,,,,,,,,,,
,,,,,,,,,,,,,,,,,,,,,,,,,,,,,,
,,,,,,,,,,,,,,,,,,,,,,,,,,,,,,
,,,,,,,,,,,,,,,,,,,,,,,,,,,,,,
,,,,,,,,,,,,,,,,,,,,,,,,,,,,,,
,,,,,,,,,,,,,,,,,,,,,,,,,,,,,,
,,,,,,,,,,,,,,,,,,,,,,,,,,,,,,
,,,,,,,,,,,,,,,,,,,,,,,,,,,,,,
,,,,,,,,,,,,,,,,,,,,,,,,,,,,,,
,,,,,,,,,,,,,,,,,,,,,,,,,,,,,,
,,,,,,,,,,,,,,,,,,,,,,,,,,,,,,
,,,,,,,,,,,,,,,,,,,,,,,,,,,,,,
,,,,,,,,,,,,,,,,,,,,,,,,,,,,,,
,,,,,,,,,,,,,,,,,,,,,,,,,,,,,,
,,,,,,,,,,,,,,,,,,,,,,,,,,,,,,
,,,,,,,,,,,,,,,,,,,,,,,,,,,,,,
,,,,,,,,,,,,,,,,,,,,,,,,,,,,,,
,,,,,,,,,,,,,,,,,,,,,,,,,,,,,,
,,,,,,,,,,,,,,,,,,,,,,,,,,,,,,
,,,,,,,,,,,,,,,,,,,,,,,,,,,,,,
,,,,,,,,,,,,,,,,,,,,,,,,,,,,,,
,,,,,,,,,,,,,,,,,,,,,,,,,,,,,,
,,,,,,,,,,,,,,,,,,,,,,,,,,,,,,
,,,,,,,,,,,,,,,,,,,,,,,,,,,,,,
,,,,,,,,,,,,,,,,,,,,,,,,,,,,,,
,,,,,,,,,,,,,,,,,,,,,,,,,,,,,,
,,,,,,,,,,,,,,,,,,,,,,,,,,,,,,
,,,,,,,,,,,,,,,,,,,,,,,,,,,,,,
,,,,,,,,,,,,,,,,,,,,,,,,,,,,,,
,,,,,,,,,,,,,,,,,,,,,,,,,,,,,,
,,,,,,,,,,,,,,,,,,,,,,,,,,,,,,
,,,,,,,,,,,,,,,,,,,,,,,,,,,,,,
,,,,,,,,,,,,,,,,,,,,,,,,,,,,,,
,,,,,,,,,,,,,,,,,,,,,,,,,,,,,,
,,,,,,,,,,,,,,,,,,,,,,,,,,,,,,
,,,,,,,,,,,,,,,,,,,,,,,,,,,,,,
,,,,,,,,,,,,,,,,,,,,,,,,,,,,,,
,,,,,,,,,,,,,,,,,,,,,,,,,,,,,,
,,,,,,,,,,,,,,,,,,,,,,,,,,,,,,
,,,,,,,,,,,,,,,,,,,,,,,,,,,,,,
,,,,,,,,,,,,,,,,,,,,,,,,,,,,,,
,,,,,,,,,,,,,,,,,,,,,,,,,,,,,,
,,,,,,,,,,,,,,,,,,,,,,,,,,,,,,
,,,,,,,,,,,,,,,,,,,,,,,,,,,,,,
,,,,,,,,,,,,,,,,,,,,,,,,,,,,,,
,,,,,,,,,,,,,,,,,,,,,,,,,,,,,,
,,,,,,,,,,,,,,,,,,,,,,,,,,,,,,
,,,,,,,,,,,,,,,,,,,,,,,,,,,,,,
,,,,,,,,,,,,,,,,,,,,,,,,,,,,,,
,,,,,,,,,,,,,,,,,,,,,,,,,,,,,,
,,,,,,,,,,,,,,,,,,,,,,,,,,,,,,
,,,,,,,,,,,,,,,,,,,,,,,,,,,,,,
,,,,,,,,,,,,,,,,,,,,,,,,,,,,,,
,,,,,,,,,,,,,,,,,,,,,,,,,,,,,,
,,,,,,,,,,,,,,,,,,,,,,,,,,,,,,
,,,,,,,,,,,,,,,,,,,,,,,,,,,,,,
,,,,,,,,,,,,,,,,,,,,,,,,,,,,,,
,,,,,,,,,,,,,,,,,,,,,,,,,,,,,,
,,,,,,,,,,,,,,,,,,,,,,,,,,,,,,
,,,,,,,,,,,,,,,,,,,,,,,,,,,,,,
,,,,,,,,,,,,,,,,,,,,,,,,,,,,,,
,,,,,,,,,,,,,,,,,,,,,,,,,,,,,,
,,,,,,,,,,,,,,,,,,,,,,,,,,,,,,
,,,,,,,,,,,,,,,,,,,,,,,,,,,,,,
,,,,,,,,,,,,,,,,,,,,,,,,,,,,,,
,,,,,,,,,,,,,,,,,,,,,,,,,,,,,,
,,,,,,,,,,,,,,,,,,,,,,,,,,,,,,
,,,,,,,,,,,,,,,,,,,,,,,,,,,,,,
,,,,,,,,,,,,,,,,,,,,,,,,,,,,,,
,,,,,,,,,,,,,,,,,,,,,,,,,,,,,,
,,,,,,,,,,,,,,,,,,,,,,,,,,,,,,
,,,,,,,,,,,,,,,,,,,,,,,,,,,,,,
,,,,,,,,,,,,,,,,,,,,,,,,,,,,,,
,,,,,,,,,,,,,,,,,,,,,,,,,,,,,,
,,,,,,,,,,,,,,,,,,,,,,,,,,,,,,
,,,,,,,,,,,,,,,,,,,,,,,,,,,,,,
,,,,,,,,,,,,,,,,,,,,,,,,,,,,,,
,,,,,,,,,,,,,,,,,,,,,,,,,,,,,,
,,,,,,,,,,,,,,,,,,,,,,,,,,,,,,
,,,,,,,,,,,,,,,,,,,,,,,,,,,,,,
,,,,,,,,,,,,,,,,,,,,,,,,,,,,,,
,,,,,,,,,,,,,,,,,,,,,,,,,,,,,,
,,,,,,,,,,,,,,,,,,,,,,,,,,,,,,
,,,,,,,,,,,,,,,,,,,,,,,,,,,,,,
,,,,,,,,,,,,,,,,,,,,,,,,,,,,,,
,,,,,,,,,,,,,,,,,,,,,,,,,,,,,,
,,,,,,,,,,,,,,,,,,,,,,,,,,,,,,
,,,,,,,,,,,,,,,,,,,,,,,,,,,,,,
,,,,,,,,,,,,,,,,,,,,,,,,,,,,,,
,,,,,,,,,,,,,,,,,,,,,,,,,,,,,,
,,,,,,,,,,,,,,,,,,,,,,,,,,,,,,
,,,,,,,,,,,,,,,,,,,,,,,,,,,,,,
,,,,,,,,,,,,,,,,,,,,,,,,,,,,,,
,,,,,,,,,,,,,,,,,,,,,,,,,,,,,,
,,,,,,,,,,,,,,,,,,,,,,,,,,,,,,
,,,,,,,,,,,,,,,,,,,,,,,,,,,,,,
,,,,,,,,,,,,,,,,,,,,,,,,,,,,,,
,,,,,,,,,,,,,,,,,,,,,,,,,,,,,,
,,,,,,,,,,,,,,,,,,,,,,,,,,,,,,
,,,,,,,,,,,,,,,,,,,,,,,,,,,,,,
,,,,,,,,,,,,,,,,,,,,,,,,,,,,,,
,,,,,,,,,,,,,,,,,,,,,,,,,,,,,,
,,,,,,,,,,,,,,,,,,,,,,,,,,,,,,
,,,,,,,,,,,,,,,,,,,,,,,,,,,,,,
,,,,,,,,,,,,,,,,,,,,,,,,,,,,,,
,,,,,,,,,,,,,,,,,,,,,,,,,,,,,,
,,,,,,,,,,,,,,,,,,,,,,,,,,,,,,
,,,,,,,,,,,,,,,,,,,,,,,,,,,,,,
,,,,,,,,,,,,,,,,,,,,,,,,,,,,,,
,,,,,,,,,,,,,,,,,,,,,,,,,,,,,,
,,,,,,,,,,,,,,,,,,,,,,,,,,,,,,
,,,,,,,,,,,,,,,,,,,,,,,,,,,,,,
,,,,,,,,,,,,,,,,,,,,,,,,,,,,,,
,,,,,,,,,,,,,,,,,,,,,,,,,,,,,,
,,,,,,,,,,,,,,,,,,,,,,,,,,,,,,
,,,,,,,,,,,,,,,,,,,,,,,,,,,,,,
,,,,,,,,,,,,,,,,,,,,,,,,,,,,,,
,,,,,,,,,,,,,,,,,,,,,,,,,,,,,,
,,,,,,,,,,,,,,,,,,,,,,,,,,,,,,
,,,,,,,,,,,,,,,,,,,,,,,,,,,,,,
,,,,,,,,,,,,,,,,,,,,,,,,,,,,,,
,,,,,,,,,,,,,,,,,,,,,,,,,,,,,,
,,,,,,,,,,,,,,,,,,,,,,,,,,,,,,
,,,,,,,,,,,,,,,,,,,,,,,,,,,,,,
,,,,,,,,,,,,,,,,,,,,,,,,,,,,,,
,,,,,,,,,,,,,,,,,,,,,,,,,,,,,,
,,,,,,,,,,,,,,,,,,,,,,,,,,,,,,
,,,,,,,,,,,,,,,,,,,,,,,,,,,,,,
,,,,,,,,,,,,,,,,,,,,,,,,,,,,,,
,,,,,,,,,,,,,,,,,,,,,,,,,,,,,,
,,,,,,,,,,,,,,,,,,,,,,,,,,,,,,
,,,,,,,,,,,,,,,,,,,,,,,,,,,,,,
,,,,,,,,,,,,,,,,,,,,,,,,,,,,,,
,,,,,,,,,,,,,,,,,,,,,,,,,,,,,,
,,,,,,,,,,,,,,,,,,,,,,,,,,,,,,
,,,,,,,,,,,,,,,,,,,,,,,,,,,,,,
,,,,,,,,,,,,,,,,,,,,,,,,,,,,,,
,,,,,,,,,,,,,,,,,,,,,,,,,,,,,,
,,,,,,,,,,,,,,,,,,,,,,,,,,,,,,
,,,,,,,,,,,,,,,,,,,,,,,,,,,,,,
,,,,,,,,,,,,,,,,,,,,,,,,,,,,,,
,,,,,,,,,,,,,,,,,,,,,,,,,,,,,,
,,,,,,,,,,,,,,,,,,,,,,,,,,,,,,
,,,,,,,,,,,,,,,,,,,,,,,,,,,,,,
,,,,,,,,,,,,,,,,,,,,,,,,,,,,,,
,,,,,,,,,,,,,,,,,,,,,,,,,,,,,,
,,,,,,,,,,,,,,,,,,,,,,,,,,,,,,
,,,,,,,,,,,,,,,,,,,,,,,,,,,,,,
,,,,,,,,,,,,,,,,,,,,,,,,,,,,,,
,,,,,,,,,,,,,,,,,,,,,,,,,,,,,,
,,,,,,,,,,,,,,,,,,,,,,,,,,,,,,
,,,,,,,,,,,,,,,,,,,,,,,,,,,,,,
,,,,,,,,,,,,,,,,,,,,,,,,,,,,,,
,,,,,,,,,,,,,,,,,,,,,,,,,,,,,,
,,,,,,,,,,,,,,,,,,,,,,,,,,,,,,
,,,,,,,,,,,,,,,,,,,,,,,,,,,,,,
,,,,,,,,,,,,,,,,,,,,,,,,,,,,,,
,,,,,,,,,,,,,,,,,,,,,,,,,,,,,,
,,,,,,,,,,,,,,,,,,,,,,,,,,,,,,
,,,,,,,,,,,,,,,,,,,,,,,,,,,,,,
,,,,,,,,,,,,,,,,,,,,,,,,,,,,,,
,,,,,,,,,,,,,,,,,,,,,,,,,,,,,,
,,,,,,,,,,,,,,,,,,,,,,,,,,,,,,
,,,,,,,,,,,,,,,,,,,,,,,,,,,,,,
,,,,,,,,,,,,,,,,,,,,,,,,,,,,,,
,,,,,,,,,,,,,,,,,,,,,,,,,,,,,,
,,,,,,,,,,,,,,,,,,,,,,,,,,,,,,
,,,,,,,,,,,,,,,,,,,,,,,,,,,,,,
,,,,,,,,,,,,,,,,,,,,,,,,,,,,,,
,,,,,,,,,,,,,,,,,,,,,,,,,,,,,,
,,,,,,,,,,,,,,,,,,,,,,,,,,,,,,
,,,,,,,,,,,,,,,,,,,,,,,,,,,,,,
,,,,,,,,,,,,,,,,,,,,,,,,,,,,,,
,,,,,,,,,,,,,,,,,,,,,,,,,,,,,,
,,,,,,,,,,,,,,,,,,,,,,,,,,,,,,
,,,,,,,,,,,,,,,,,,,,,,,,,,,,,,
,,,,,,,,,,,,,,,,,,,,,,,,,,,,,,
,,,,,,,,,,,,,,,,,,,,,,,,,,,,,,
,,,,,,,,,,,,,,,,,,,,,,,,,,,,,,
,,,,,,,,,,,,,,,,,,,,,,,,,,,,,,
,,,,,,,,,,,,,,,,,,,,,,,,,,,,,,
,,,,,,,,,,,,,,,,,,,,,,,,,,,,,,
,,,,,,,,,,,,,,,,,,,,,,,,,,,,,,
,,,,,,,,,,,,,,,,,,,,,,,,,,,,,,
,,,,,,,,,,,,,,,,,,,,,,,,,,,,,,
,,,,,,,,,,,,,,,,,,,,,,,,,,,,,,
,,,,,,,,,,,,,,,,,,,,,,,,,,,,,,
,,,,,,,,,,,,,,,,,,,,,,,,,,,,,,
,,,,,,,,,,,,,,,,,,,,,,,,,,,,,,
,,,,,,,,,,,,,,,,,,,,,,,,,,,,,,
,,,,,,,,,,,,,,,,,,,,,,,,,,,,,,
,,,,,,,,,,,,,,,,,,,,,,,,,,,,,,
,,,,,,,,,,,,,,,,,,,,,,,,,,,,,,
,,,,,,,,,,,,,,,,,,,,,,,,,,,,,,
,,,,,,,,,,,,,,,,,,,,,,,,,,,,,,
,,,,,,,,,,,,,,,,,,,,,,,,,,,,,,
,,,,,,,,,,,,,,,,,,,,,,,,,,,,,,
,,,,,,,,,,,,,,,,,,,,,,,,,,,,,,
,,,,,,,,,,,,,,,,,,,,,,,,,,,,,,
,,,,,,,,,,,,,,,,,,,,,,,,,,,,,,
,,,,,,,,,,,,,,,,,,,,,,,,,,,,,,
,,,,,,,,,,,,,,,,,,,,,,,,,,,,,,
,,,,,,,,,,,,,,,,,,,,,,,,,,,,,,
,,,,,,,,,,,,,,,,,,,,,,,,,,,,,,
,,,,,,,,,,,,,,,,,,,,,,,,,,,,,,
,,,,,,,,,,,,,,,,,,,,,,,,,,,,,,
,,,,,,,,,,,,,,,,,,,,,,,,,,,,,,
,,,,,,,,,,,,,,,,,,,,,,,,,,,,,,
,,,,,,,,,,,,,,,,,,,,,,,,,,,,,,
,,,,,,,,,,,,,,,,,,,,,,,,,,,,,,
,,,,,,,,,,,,,,,,,,,,,,,,,,,,,,
,,,,,,,,,,,,,,,,,,,,,,,,,,,,,,
,,,,,,,,,,,,,,,,,,,,,,,,,,,,,,
,,,,,,,,,,,,,,,,,,,,,,,,,,,,,,
,,,,,,,,,,,,,,,,,,,,,,,,,,,,,,
,,,,,,,,,,,,,,,,,,,,,,,,,,,,,,
,,,,,,,,,,,,,,,,,,,,,,,,,,,,,,
,,,,,,,,,,,,,,,,,,,,,,,,,,,,,,
,,,,,,,,,,,,,,,,,,,,,,,,,,,,,,
,,,,,,,,,,,,,,,,,,,,,,,,,,,,,,
,,,,,,,,,,,,,,,,,,,,,,,,,,,,,,
,,,,,,,,,,,,,,,,,,,,,,,,,,,,,,
,,,,,,,,,,,,,,,,,,,,,,,,,,,,,,
,,,,,,,,,,,,,,,,,,,,,,,,,,,,,,
,,,,,,,,,,,,,,,,,,,,,,,,,,,,,,
,,,,,,,,,,,,,,,,,,,,,,,,,,,,,,
,,,,,,,,,,,,,,,,,,,,,,,,,,,,,,
,,,,,,,,,,,,,,,,,,,,,,,,,,,,,,
,,,,,,,,,,,,,,,,,,,,,,,,,,,,,,
,,,,,,,,,,,,,,,,,,,,,,,,,,,,,,
,,,,,,,,,,,,,,,,,,,,,,,,,,,,,,
,,,,,,,,,,,,,,,,,,,,,,,,,,,,,,
,,,,,,,,,,,,,,,,,,,,,,,,,,,,,,
,,,,,,,,,,,,,,,,,,,,,,,,,,,,,,
,,,,,,,,,,,,,,,,,,,,,,,,,,,,,,
,,,,,,,,,,,,,,,,,,,,,,,,,,,,,,
,,,,,,,,,,,,,,,,,,,,,,,,,,,,,,
,,,,,,,,,,,,,,,,,,,,,,,,,,,,,,
,,,,,,,,,,,,,,,,,,,,,,,,,,,,,,
,,,,,,,,,,,,,,,,,,,,,,,,,,,,,,
,,,,,,,,,,,,,,,,,,,,,,,,,,,,,,
,,,,,,,,,,,,,,,,,,,,,,,,,,,,,,
,,,,,,,,,,,,,,,,,,,,,,,,,,,,,,
,,,,,,,,,,,,,,,,,,,,,,,,,,,,,,
,,,,,,,,,,,,,,,,,,,,,,,,,,,,,,
,,,,,,,,,,,,,,,,,,,,,,,,,,,,,,
,,,,,,,,,,,,,,,,,,,,,,,,,,,,,,
,,,,,,,,,,,,,,,,,,,,,,,,,,,,,,
,,,,,,,,,,,,,,,,,,,,,,,,,,,,,,
,,,,,,,,,,,,,,,,,,,,,,,,,,,,,,
,,,,,,,,,,,,,,,,,,,,,,,,,,,,,,
,,,,,,,,,,,,,,,,,,,,,,,,,,,,,,
,,,,,,,,,,,,,,,,,,,,,,,,,,,,,,
,,,,,,,,,,,,,,,,,,,,,,,,,,,,,,
,,,,,,,,,,,,,,,,,,,,,,,,,,,,,,
,,,,,,,,,,,,,,,,,,,,,,,,,,,,,,
,,,,,,,,,,,,,,,,,,,,,,,,,,,,,,
,,,,,,,,,,,,,,,,,,,,,,,,,,,,,,
,,,,,,,,,,,,,,,,,,,,,,,,,,,,,,
,,,,,,,,,,,,,,,,,,,,,,,,,,,,,,
,,,,,,,,,,,,,,,,,,,,,,,,,,,,,,
,,,,,,,,,,,,,,,,,,,,,,,,,,,,,,
,,,,,,,,,,,,,,,,,,,,,,,,,,,,,,
,,,,,,,,,,,,,,,,,,,,,,,,,,,,,,
,,,,,,,,,,,,,,,,,,,,,,,,,,,,,,
,,,,,,,,,,,,,,,,,,,,,,,,,,,,,,
,,,,,,,,,,,,,,,,,,,,,,,,,,,,,,
,,,,,,,,,,,,,,,,,,,,,,,,,,,,,,
,,,,,,,,,,,,,,,,,,,,,,,,,,,,,,
,,,,,,,,,,,,,,,,,,,,,,,,,,,,,,
,,,,,,,,,,,,,,,,,,,,,,,,,,,,,,
,,,,,,,,,,,,,,,,,,,,,,,,,,,,,,
,,,,,,,,,,,,,,,,,,,,,,,,,,,,,,
,,,,,,,,,,,,,,,,,,,,,,,,,,,,,,
,,,,,,,,,,,,,,,,,,,,,,,,,,,,,,
,,,,,,,,,,,,,,,,,,,,,,,,,,,,,,
,,,,,,,,,,,,,,,,,,,,,,,,,,,,,,
,,,,,,,,,,,,,,,,,,,,,,,,,,,,,,
,,,,,,,,,,,,,,,,,,,,,,,,,,,,,,
,,,,,,,,,,,,,,,,,,,,,,,,,,,,,,
,,,,,,,,,,,,,,,,,,,,,,,,,,,,,,
,,,,,,,,,,,,,,,,,,,,,,,,,,,,,,
,,,,,,,,,,,,,,,,,,,,,,,,,,,,,,
,,,,,,,,,,,,,,,,,,,,,,,,,,,,,,
,,,,,,,,,,,,,,,,,,,,,,,,,,,,,,
,,,,,,,,,,,,,,,,,,,,,,,,,,,,,,
,,,,,,,,,,,,,,,,,,,,,,,,,,,,,,
,,,,,,,,,,,,,,,,,,,,,,,,,,,,,,
,,,,,,,,,,,,,,,,,,,,,,,,,,,,,,
,,,,,,,,,,,,,,,,,,,,,,,,,,,,,,
,,,,,,,,,,,,,,,,,,,,,,,,,,,,,,
,,,,,,,,,,,,,,,,,,,,,,,,,,,,,,
,,,,,,,,,,,,,,,,,,,,,,,,,,,,,,
,,,,,,,,,,,,,,,,,,,,,,,,,,,,,,
,,,,,,,,,,,,,,,,,,,,,,,,,,,,,,
,,,,,,,,,,,,,,,,,,,,,,,,,,,,,,
,,,,,,,,,,,,,,,,,,,,,,,,,,,,,,
,,,,,,,,,,,,,,,,,,,,,,,,,,,,,,
,,,,,,,,,,,,,,,,,,,,,,,,,,,,,,
,,,,,,,,,,,,,,,,,,,,,,,,,,,,,,
,,,,,,,,,,,,,,,,,,,,,,,,,,,,,,
,,,,,,,,,,,,,,,,,,,,,,,,,,,,,,
,,,,,,,,,,,,,,,,,,,,,,,,,,,,,,
,,,,,,,,,,,,,,,,,,,,,,,,,,,,,,
,,,,,,,,,,,,,,,,,,,,,,,,,,,,,,
,,,,,,,,,,,,,,,,,,,,,,,,,,,,,,
,,,,,,,,,,,,,,,,,,,,,,,,,,,,,,
,,,,,,,,,,,,,,,,,,,,,,,,,,,,,,
,,,,,,,,,,,,,,,,,,,,,,,,,,,,,,
,,,,,,,,,,,,,,,,,,,,,,,,,,,,,,
,,,,,,,,,,,,,,,,,,,,,,,,,,,,,,
,,,,,,,,,,,,,,,,,,,,,,,,,,,,,,
,,,,,,,,,,,,,,,,,,,,,,,,,,,,,,
,,,,,,,,,,,,,,,,,,,,,,,,,,,,,,
,,,,,,,,,,,,,,,,,,,,,,,,,,,,,,
,,,,,,,,,,,,,,,,,,,,,,,,,,,,,,
,,,,,,,,,,,,,,,,,,,,,,,,,,,,,,
,,,,,,,,,,,,,,,,,,,,,,,,,,,,,,
,,,,,,,,,,,,,,,,,,,,,,,,,,,,,,
,,,,,,,,,,,,,,,,,,,,,,,,,,,,,,
,,,,,,,,,,,,,,,,,,,,,,,,,,,,,,
,,,,,,,,,,,,,,,,,,,,,,,,,,,,,,
,,,,,,,,,,,,,,,,,,,,,,,,,,,,,,
,,,,,,,,,,,,,,,,,,,,,,,,,,,,,,
,,,,,,,,,,,,,,,,,,,,,,,,,,,,,,
,,,,,,,,,,,,,,,,,,,,,,,,,,,,,,
,,,,,,,,,,,,,,,,,,,,,,,,,,,,,,
,,,,,,,,,,,,,,,,,,,,,,,,,,,,,,
,,,,,,,,,,,,,,,,,,,,,,,,,,,,,,
,,,,,,,,,,,,,,,,,,,,,,,,,,,,,,
,,,,,,,,,,,,,,,,,,,,,,,,,,,,,,
,,,,,,,,,,,,,,,,,,,,,,,,,,,,,,
,,,,,,,,,,,,,,,,,,,,,,,,,,,,,,
,,,,,,,,,,,,,,,,,,,,,,,,,,,,,,
,,,,,,,,,,,,,,,,,,,,,,,,,,,,,,
,,,,,,,,,,,,,,,,,,,,,,,,,,,,,,
,,,,,,,,,,,,,,,,,,,,,,,,,,,,,,
,,,,,,,,,,,,,,,,,,,,,,,,,,,,,,
,,,,,,,,,,,,,,,,,,,,,,,,,,,,,,
,,,,,,,,,,,,,,,,,,,,,,,,,,,,,,
,,,,,,,,,,,,,,,,,,,,,,,,,,,,,,
,,,,,,,,,,,,,,,,,,,,,,,,,,,,,,
,,,,,,,,,,,,,,,,,,,,,,,,,,,,,,
,,,,,,,,,,,,,,,,,,,,,,,,,,,,,,
,,,,,,,,,,,,,,,,,,,,,,,,,,,,,,
,,,,,,,,,,,,,,,,,,,,,,,,,,,,,,
,,,,,,,,,,,,,,,,,,,,,,,,,,,,,,
,,,,,,,,,,,,,,,,,,,,,,,,,,,,,,
,,,,,,,,,,,,,,,,,,,,,,,,,,,,,,
,,,,,,,,,,,,,,,,,,,,,,,,,,,,,,
,,,,,,,,,,,,,,,,,,,,,,,,,,,,,,
,,,,,,,,,,,,,,,,,,,,,,,,,,,,,,
,,,,,,,,,,,,,,,,,,,,,,,,,,,,,,
,,,,,,,,,,,,,,,,,,,,,,,,,,,,,,
,,,,,,,,,,,,,,,,,,,,,,,,,,,,,,
,,,,,,,,,,,,,,,,,,,,,,,,,,,,,,
,,,,,,,,,,,,,,,,,,,,,,,,,,,,,,
,,,,,,,,,,,,,,,,,,,,,,,,,,,,,,
,,,,,,,,,,,,,,,,,,,,,,,,,,,,,,
,,,,,,,,,,,,,,,,,,,,,,,,,,,,,,
,,,,,,,,,,,,,,,,,,,,,,,,,,,,,,
,,,,,,,,,,,,,,,,,,,,,,,,,,,,,,
,,,,,,,,,,,,,,,,,,,,,,,,,,,,,,
,,,,,,,,,,,,,,,,,,,,,,,,,,,,,,
,,,,,,,,,,,,,,,,,,,,,,,,,,,,,,
,,,,,,,,,,,,,,,,,,,,,,,,,,,,,,
,,,,,,,,,,,,,,,,,,,,,,,,,,,,,,
,,,,,,,,,,,,,,,,,,,,,,,,,,,,,,
,,,,,,,,,,,,,,,,,,,,,,,,,,,,,,
,,,,,,,,,,,,,,,,,,,,,,,,,,,,,,
,,,,,,,,,,,,,,,,,,,,,,,,,,,,,,
,,,,,,,,,,,,,,,,,,,,,,,,,,,,,,
,,,,,,,,,,,,,,,,,,,,,,,,,,,,,,
,,,,,,,,,,,,,,,,,,,,,,,,,,,,,,
,,,,,,,,,,,,,,,,,,,,,,,,,,,,,,
,,,,,,,,,,,,,,,,,,,,,,,,,,,,,,
,,,,,,,,,,,,,,,,,,,,,,,,,,,,,,
,,,,,,,,,,,,,,,,,,,,,,,,,,,,,,
,,,,,,,,,,,,,,,,,,,,,,,,,,,,,,
,,,,,,,,,,,,,,,,,,,,,,,,,,,,,,
,,,,,,,,,,,,,,,,,,,,,,,,,,,,,,
,,,,,,,,,,,,,,,,,,,,,,,,,,,,,,
,,,,,,,,,,,,,,,,,,,,,,,,,,,,,,
,,,,,,,,,,,,,,,,,,,,,,,,,,,,,,
,,,,,,,,,,,,,,,,,,,,,,,,,,,,,,
,,,,,,,,,,,,,,,,,,,,,,,,,,,,,,
,,,,,,,,,,,,,,,,,,,,,,,,,,,,,,
,,,,,,,,,,,,,,,,,,,,,,,,,,,,,,
,,,,,,,,,,,,,,,,,,,,,,,,,,,,,,
,,,,,,,,,,,,,,,,,,,,,,,,,,,,,,
,,,,,,,,,,,,,,,,,,,,,,,,,,,,,,
,,,,,,,,,,,,,,,,,,,,,,,,,,,,,,
,,,,,,,,,,,,,,,,,,,,,,,,,,,,,,
,,,,,,,,,,,,,,,,,,,,,,,,,,,,,,
,,,,,,,,,,,,,,,,,,,,,,,,,,,,,,
,,,,,,,,,,,,,,,,,,,,,,,,,,,,,,
,,,,,,,,,,,,,,,,,,,,,,,,,,,,,,
,,,,,,,,,,,,,,,,,,,,,,,,,,,,,,
,,,,,,,,,,,,,,,,,,,,,,,,,,,,,,
,,,,,,,,,,,,,,,,,,,,,,,,,,,,,,
,,,,,,,,,,,,,,,,,,,,,,,,,,,,,,
,,,,,,,,,,,,,,,,,,,,,,,,,,,,,,
,,,,,,,,,,,,,,,,,,,,,,,,,,,,,,
,,,,,,,,,,,,,,,,,,,,,,,,,,,,,,
,,,,,,,,,,,,,,,,,,,,,,,,,,,,,,
,,,,,,,,,,,,,,,,,,,,,,,,,,,,,,
,,,,,,,,,,,,,,,,,,,,,,,,,,,,,,
,,,,,,,,,,,,,,,,,,,,,,,,,,,,,,
,,,,,,,,,,,,,,,,,,,,,,,,,,,,,,
,,,,,,,,,,,,,,,,,,,,,,,,,,,,,,
,,,,,,,,,,,,,,,,,,,,,,,,,,,,,,
,,,,,,,,,,,,,,,,,,,,,,,,,,,,,,
,,,,,,,,,,,,,,,,,,,,,,,,,,,,,,
,,,,,,,,,,,,,,,,,,,,,,,,,,,,,,
,,,,,,,,,,,,,,,,,,,,,,,,,,,,,,
,,,,,,,,,,,,,,,,,,,,,,,,,,,,,,
,,,,,,,,,,,,,,,,,,,,,,,,,,,,,,
,,,,,,,,,,,,,,,,,,,,,,,,,,,,,,
,,,,,,,,,,,,,,,,,,,,,,,,,,,,,,
,,,,,,,,,,,,,,,,,,,,,,,,,,,,,,
,,,,,,,,,,,,,,,,,,,,,,,,,,,,,,
,,,,,,,,,,,,,,,,,,,,,,,,,,,,,,
,,,,,,,,,,,,,,,,,,,,,,,,,,,,,,
,,,,,,,,,,,,,,,,,,,,,,,,,,,,,,
,,,,,,,,,,,,,,,,,,,,,,,,,,,,,,
,,,,,,,,,,,,,,,,,,,,,,,,,,,,,,
,,,,,,,,,,,,,,,,,,,,,,,,,,,,,,
,,,,,,,,,,,,,,,,,,,,,,,,,,,,,,
,,,,,,,,,,,,,,,,,,,,,,,,,,,,,,
,,,,,,,,,,,,,,,,,,,,,,,,,,,,,,
,,,,,,,,,,,,,,,,,,,,,,,,,,,,,,
,,,,,,,,,,,,,,,,,,,,,,,,,,,,,,
,,,,,,,,,,,,,,,,,,,,,,,,,,,,,,
,,,,,,,,,,,,,,,,,,,,,,,,,,,,,,
,,,,,,,,,,,,,,,,,,,,,,,,,,,,,,
,,,,,,,,,,,,,,,,,,,,,,,,,,,,,,
,,,,,,,,,,,,,,,,,,,,,,,,,,,,,,
,,,,,,,,,,,,,,,,,,,,,,,,,,,,,,
,,,,,,,,,,,,,,,,,,,,,,,,,,,,,,
,,,,,,,,,,,,,,,,,,,,,,,,,,,,,,
,,,,,,,,,,,,,,,,,,,,,,,,,,,,,,
,,,,,,,,,,,,,,,,,,,,,,,,,,,,,,
,,,,,,,,,,,,,,,,,,,,,,,,,,,,,,
,,,,,,,,,,,,,,,,,,,,,,,,,,,,,,
,,,,,,,,,,,,,,,,,,,,,,,,,,,,,,
,,,,,,,,,,,,,,,,,,,,,,,,,,,,,,
,,,,,,,,,,,,,,,,,,,,,,,,,,,,,,
,,,,,,,,,,,,,,,,,,,,,,,,,,,,,,
,,,,,,,,,,,,,,,,,,,,,,,,,,,,,,
,,,,,,,,,,,,,,,,,,,,,,,,,,,,,,
,,,,,,,,,,,,,,,,,,,,,,,,,,,,,,
,,,,,,,,,,,,,,,,,,,,,,,,,,,,,,
,,,,,,,,,,,,,,,,,,,,,,,,,,,,,,
,,,,,,,,,,,,,,,,,,,,,,,,,,,,,,
,,,,,,,,,,,,,,,,,,,,,,,,,,,,,,
,,,,,,,,,,,,,,,,,,,,,,,,,,,,,,
,,,,,,,,,,,,,,,,,,,,,,,,,,,,,,
,,,,,,,,,,,,,,,,,,,,,,,,,,,,,,
,,,,,,,,,,,,,,,,,,,,,,,,,,,,,,
,,,,,,,,,,,,,,,,,,,,,,,,,,,,,,
,,,,,,,,,,,,,,,,,,,,,,,,,,,,,,
,,,,,,,,,,,,,,,,,,,,,,,,,,,,,,
,,,,,,,,,,,,,,,,,,,,,,,,,,,,,,
,,,,,,,,,,,,,,,,,,,,,,,,,,,,,,
,,,,,,,,,,,,,,,,,,,,,,,,,,,,,,
,,,,,,,,,,,,,,,,,,,,,,,,,,,,,,
,,,,,,,,,,,,,,,,,,,,,,,,,,,,,,
,,,,,,,,,,,,,,,,,,,,,,,,,,,,,,
,,,,,,,,,,,,,,,,,,,,,,,,,,,,,,
,,,,,,,,,,,,,,,,,,,,,,,,,,,,,,
,,,,,,,,,,,,,,,,,,,,,,,,,,,,,,
,,,,,,,,,,,,,,,,,,,,,,,,,,,,,,
,,,,,,,,,,,,,,,,,,,,,,,,,,,,,,
,,,,,,,,,,,,,,,,,,,,,,,,,,,,,,
,,,,,,,,,,,,,,,,,,,,,,,,,,,,,,
,,,,,,,,,,,,,,,,,,,,,,,,,,,,,,
,,,,,,,,,,,,,,,,,,,,,,,,,,,,,,
,,,,,,,,,,,,,,,,,,,,,,,,,,,,,,
,,,,,,,,,,,,,,,,,,,,,,,,,,,,,,
,,,,,,,,,,,,,,,,,,,,,,,,,,,,,,
,,,,,,,,,,,,,,,,,,,,,,,,,,,,,,
,,,,,,,,,,,,,,,,,,,,,,,,,,,,,,
,,,,,,,,,,,,,,,,,,,,,,,,,,,,,,
,,,,,,,,,,,,,,,,,,,,,,,,,,,,,,
,,,,,,,,,,,,,,,,,,,,,,,,,,,,,,
,,,,,,,,,,,,,,,,,,,,,,,,,,,,,,
,,,,,,,,,,,,,,,,,,,,,,,,,,,,,,
,,,,,,,,,,,,,,,,,,,,,,,,,,,,,,
,,,,,,,,,,,,,,,,,,,,,,,,,,,,,,
,,,,,,,,,,,,,,,,,,,,,,,,,,,,,,
,,,,,,,,,,,,,,,,,,,,,,,,,,,,,,
,,,,,,,,,,,,,,,,,,,,,,,,,,,,,,
,,,,,,,,,,,,,,,,,,,,,,,,,,,,,,
,,,,,,,,,,,,,,,,,,,,,,,,,,,,,,
,,,,,,,,,,,,,,,,,,,,,,,,,,,,,,
,,,,,,,,,,,,,,,,,,,,,,,,,,,,,,
