Subplot,Veg_plot,In_out,Species,Filename,ID_tag_2018,ID_tag_added_2019_or_after,final_ID,Canopy_status,Maximum_DBH_estimate_when_tagged_cm,girdled?,Notes_2019,Notes_2020,Notes_2021
D04W,NE,i,pist,D04W_pist_01_07122018,15,NA,15,sap,5,n,,pinned to ground by fallen tree but still alive,
D04W,NE,i,pist,D04W_pist_02_07122018,16,NA,16,os,14,y,girdled,still sampled but replaced by #4610,still sampled this year
D04W,NE,o,pire,D04W_pire_01_07122018,19,NA,19,sap,2,n,,,
D04W,SE,o,pist,D04W_pist_04_07122018,60,NA,60,os,12,y,girdled ,still sampled this year but very sickly; replaced by #3298,"dead, not sampled this year"
D04W,SE,o,pist,D04W_pist_03_07122018,63,NA,63,os,15,y,girdled,still sampled this year but very sickly; replaced by #4611,"dead, not sampled this year"
D04W,SW,o,amel,D04W_amel_01_07122018,74,NA,74,sap,5,n,"dead tree, no low enough replacements",dead; added new tree #0077,
D04W,SW,o,amel,NA,NA,77,77,sap,3,n,,replacing dead #0074,
D04W,SW,i,pist,D04W_pist_05_07122018,99,NA,99,sap,4,n,,,
D04W,SW,o,pist,D04W_pist_07_07122018,100,NA,100,sap,2,n,,,
D04W,SW,i,pist,D04W_pist_06_07122018,101,NA,101,sap,4,n,,,
D04W,NW,o,pist,D04W_pist_08_07122018,131,NA,131,un,10,y,girdled,still sampled this year but very sickly; replaced by #4612,"dead, not sampled this year"
D04W,NW,o,pist,D04W_pist_09_07122018,133,NA,133,un,11,y,girdled,still sampled this year but very sickly; replaced by #4613,"dead, not sampled this year"
D04E,NE,o,acru,D04E_acru_01_07122018,148,NA,148,os,14,n,,not sampleable this year due to heavy herbivory; replaced by #0149,
D04E,NE,o,acru,NA,NA,149,149,NA,NA,n,,replacing unsampleable #0148,
D04E,NE,o,quru,D04E_quru_01_07122018,154,NA,154,un,10,n,,,
D04E,NE,i,pist,D04E_pist_01_07122018,160,NA,160,sap,2,n,,,
D04E,NE,i,pist,D04E_pist_02_07122018,161,NA,161,sap,6,n,,,
D04E,SE,i,pist,D04E_pist_03_07122018,174,NA,174,os,11,n,,,
D04E,SE,o,pist,D04E_pist_04_07122018,175,NA,175,os,11,n,,,
D04E,NW,o,pist,D04E_pist_08_07122018,196,NA,196,os,16,n,branch cut off during girdling (GEORGE); need to select a new leaf/branch this year *new 08,,
D02W,SE,o,fagr,D02W_fagr_04_07252018,242,NA,242,un,9,n,,,
D02W,SW,i,pist,D02W_pist_01_07252018,259,NA,259,sap,2,n,,,
D02W,NW,i,pist,D02W_pist_02_07252018,277,NA,277,sap,2,n,,,
D02E,SE,i,pist,D02E_pist_02_07242018,325,NA,325,sap,2,n,,,
D02E,SW,i,acru,D02E_acru_05_07242018,346,NA,346,os,10,y,Girdled,sampled this year despite being very sickly and girdled; replaced by #4622,dead this year; not sampled
D03E,NE,i,fagr,D03E_fagr_03_07262018,388,NA,388,un,13,y,Girdled,still sampled this year but replaced by #4615,not sampled this year
D03E,NE,i,fagr,D03E_fagr_01_07262018,389,NA,389,un,6,y,Girdled,still sampled this year but replaced by #4616,not sampled this year
D03E,NE,i,fagr,D03E_fagr_02_07262018,390,NA,390,sap,3,n,Shares base w/ 2 girdled trees,,
D03E,SE,o,quru,D03E_quru_01_07262018,414,NA,414,os,18,y,Girdled,dead; replaced by #4617,
D03E,SW,o,acru,D03E_acru_03_07262018,441,NA,441,un,11,y,Girdled,still sampled this year but leaves very sickly; replaced by #4618,not sampled this year 
D03W,NE,o,acru,D03W_acru_02_07262018,513,NA,513,un,14,n,,,
D03W,NE,i,pire,D03W_pire_01_07102018,517,NA,517,sap,2,n,not sampled in 2019,sampled again in 2020,
D03W,SE,i,fagr,D03W_fagr_01_07262018,526,NA,526,un,10,n,,,
D03W,SE,i,fagr,D03W_fagr_02_07262018,527,NA,527,un,10,n,,,
D03W,SW,o,fagr,D03W_fagr_04_07262018,538,NA,538,un,13,n,,,
D01W,NW,i,pist,D01W_pist_07_07242018,591,NA,591,un,8,n,,,
D01W,SE,i,pist,D01W_pist_01_07242018,620,NA,620,os,15,n,,failed to stabilize in IRGA this year so chose new tree; replaced by #4619,
D01W,SE,i,pist,D01W_pist_02_07242018,625,NA,625,sap,3,n,,,
D01W,NE,o,quru,D01W_quru_01_07242018,637,NA,637,os,24,n,,,
D01E,NE,i,acru,D01E_acru_01_07242018,647,NA,647,un,7,n,,,
D01E,NE,i,acru,D01E_acru_02_07242018,648,NA,648,un,8,n,,dead; replaced by #4620,
D01E,NE,i,acru,D01E_acru_03_07242018,649,NA,649,sap,4,n,,,
D01E,SE,i,fagr,D01E_fagr_01_07242018,667,NA,667,un,7,n,,,
D01E,SE,i,fagr,D01E_fagr_02_07242018,668,NA,668,un,9,n,,,
D01E,SW,i,pist,D01E_pist_01_07242018,689,NA,689,sap,2,n,,,
D01E,SW,o,quru,D01E_quru_01_07242018,690,NA,690,od,23,n,,,
D01E,SW,o,quru,D01E_quru_02_07242018,697,NA,697,od,28,n,,,
D01E,NW,o,quru,NA,NA,704,704,od,NA,n,,replacing unsampleable #0707,
D01E,NW,o,quru,D01E_quru_03_07242018,707,NA,707,od,26,n,,lowest branches all dead; could not be sampled this year; replaced by #0704,
C01E,NE,i,pist,C01E_pist_01_07112018,736,NA,736,sap,5,n,,,
C01E,NE,i,pist,C01E_pist_02_07112018,737,NA,737,sap,5,n,,,
C01E,SW,o,fagr,C01E_fagr_02_07112018,775,NA,775,un,10,n,,,
C01E,NW,i,fagr,C01E_fagr_06_07112018,805,NA,805,un,9,n,,,
C01E,NW,i,fagr,C01E_fagr_05_07112018,806,NA,806,un,6,n,,,
C01W,SW,o,acru,C01W_acru_01_07112018,879,NA,879,un,11,n,,,
C02W,SW,i,acru,C02W_acru_01_07122018,931,NA,931,sap,2,n,,,
C02W,SW,i,acpe,C02W_acpe_02_07122018,934,NA,934,sap,2,n,,,
C02W,SE,o,fagr,C02W_fagr_03_07122018,966,NA,966,un,10,n,,,
C02E,SW,i,pist,C02E_pist_05_07122018,1101,NA,1101,sap,2,n,,,
C02E,SW,i,pist,C02E_pist_04_07122018,1102,NA,1102,sap,2,n,,,
C03W,SE,o,fagr,C03W_fagr_01_07272018,1198,NA,1198,un,9,n,,,
C03E,NE,i,acpe,C03E_acpe_03_07272018,1272,NA,1272,sap,3,n,,,
C03E,NE,i,acpe,C03E_acpe_02_07272018,1273,NA,1273,sap,3,n,,,
C03E,NE,i,acpe,C03E_acpe_01_07272018,1274,NA,1274,sap,2,n,,,
C03E,SE,o,fagr,C03E_fagr_03_07272018,1292,NA,1292,un,8,y,girdled,measured this year; replaced by #4609,not measured this year; dying
C03E,SE,o,fagr,C03E_fagr_01_07272018,1295,NA,1295,un,9,y,girdled,measured this year; replaced by #4608,not measured this year; dying
C04W,NW,i,acru,C04E_acru_03_07252018,1451,NA,1451,sap,3,n,Mistaken subplot ID in 2018; should be CO4W,,
C04E,SW,i,pist,C04W_pist_01_07252018,1515,NA,1515,sap,2,n,Mistaken subplot ID in 2018; should be CO4E,,
B01W,SE,i,acru,B01W_acru_02_08012018,1592,NA,1592,sap,3,n,,,
B01W,SE,i,acru,B01W_acru_01_08012018,1594,NA,1594,sap,3,n,,,
B01W,SE,i,fagr,B01W_fagr_03_08012018,1595,NA,1595,sap,2,n,,,
B01W,SW,i,fagr,B01W_fagr_04_08012018,1627,NA,1627,sap,2,n,,,
B01W,SW,i,fagr,B01W_fagr_06_08012018,1628,NA,1628,sap,2,n,,,
B01W,SW,i,fagr,B01W_fagr_05_08012018,1631,NA,1631,sap,4,n,,,
B01W,NW,i,fagr,B01W_fagr_07_08012018,1647,NA,1647,sap,2,n,,,
B01W,NW,i,fagr,B01W_fagr_08_08012018,1649,NA,1649,sap,2,n,,,
B01E,NE,i,fagr,B01E_fagr_01_08012018,1663,NA,1663,sap,2,n,,,
B01E,SE,i,quru,B01E_quru_01_08012018,1680,NA,1680,sap,3,n,Dead 2019; replaced by #4139 FAGR,,
B01E,NW,i,fagr,B01E_fagr_07_08012018,1741,NA,1741,sap,3,n,,,
B01E,NW,i,acpe,B01E_acpe_02_08012018,1742,NA,1742,sap,3,n,,,
B02W,NE,o,fagr,B02E_fagr_03_07292018,1752,NA,1752,un,9,y,"Subplot ID mistaken in 2018; GIRDLED. DEAD BRANCH, RELOCATED","girdled, not sampled this year, replaced by #4136",
B02W,NE,o,fagr,B02E_fagr_02_07292018,1755,NA,1755,un,9,y,"Subplot ID mistaken in 2018; GIRDLED. DEAD BRANCH, RELOCATED","girdled, not sampled this year, replaced by #4137",
B02W,NE,o,fagr,B02E_fagr_01_07292018,1756,NA,1756,un,11,y,"Subplot ID mistaken in 2018; GIRDLED. DEAD BRANCH, RELOCATED","girdled, not sampled this year, replaced by #4603",
B02W,SE,i,acpe,B02E_acpe_01_07292018,1780,NA,1780,sap,2,n,Subplot ID mistaken in 2018,,
B02W,NW,i,fagr,B02E_fagr_06_07292018,1834,NA,1834,un,8,n,Subplot ID mistaken in 2018,"dead, replaced with #4081",
B02E,SE,i,acpe,B02W_acpe_02_07292018,1884,NA,1884,sap,3,n,Subplot ID mistaken in 2018,,
B02E,NW,o,fagr,B02W_fagr_08_07292018,1949,NA,1949,un,9,n,Subplot ID mistaken in 2018,,
B03W,NE,i,fagr,B03E_fagr_01_07292018,1968,NA,1968,un,12,n,Mistaken subplot ID in 2018; should be BO3W,,
B03W,SE,i,fagr,B03E_fagr_04_07292018,2003,NA,2003,sap,3,n,Mistaken subplot ID in 2018; should be BO3W,,
B03W,NW,i,fagr,B03E_fagr_10_07292018,2060,NA,2060,sap,3,n,Mistaken subplot ID in 2018; should be BO3W,,
B03W,NW,i,acpe,B03E_acpe_01_07292018,2061,NA,2061,sap,2,n,Mistaken subplot ID in 2018; should be BO3W,,
B03W,NW,i,fagr,B03E_fagr_09_07292018,2062,NA,2062,sap,3,n,Mistaken subplot ID in 2018; should be BO3W,,
B03E,NW,i,acru,B03W_acru_01_07292018,2130,NA,2130,un,3,n,Mistaken subplot ID in 2018; should be BO3E,,
B04W,SW,i,fagr,B04W_fagr_02_07272018,2206,NA,2206,sap,2,n,,,
B04W,NW,i,acpe,B04W_acpe_01_07272018,2226,NA,2226,sap,3,n,,,
B04W,NW,i,acpe,B04W_acpe_02_07272018,2227,NA,2227,sap,2,n,,,
B04W,NW,i,acpe,B04W_acpe_03_07272018,2228,NA,2228,sap,2,n,,,
B04E,NE,i,acpe,B04E_acpe_02_07272018,2262,NA,2262,sap,3,n,,,
B04E,NE,i,acpe,B04E_acpe_01_07272018,2263,NA,2263,sap,2,n,,,
B04E,SW,i,acru,B04E_acru_03_07272018,2311,NA,2311,sap,2,n,,,
B04E,SW,i,acru,B04E_acru_02_07272018,2312,NA,2312,sap,2,n,,,
B04E,NW,i,acpe,B04E_acpe_05_07272018,2334,NA,2334,sap,2,n,,,
A03W,NE,i,fagr,A03W_fagr_01_08032018,2362,NA,2362,sap,3,n,,,
A03W,SE,i,acpe,A03W_acpe_02_08032018,2388,NA,2388,sap,2,n,,,
A03E,SE,o,fagr,A03E_fagr_05_08032018,2508,NA,2508,un,9,y,GIRDLED,"still sampled this year, leafed out but dying",not sampled this year; replaced by #4001
A03E,NW,i,fagr,A03E_fagr_09_08032018,2552,NA,2552,sap,2,n,,,
A03E,NW,i,fagr,A03E_fagr_10_08032018,2553,NA,2553,sap,2,n,,,
A03E,NW,i,fagr,A03E_fagr_08_08032018,2554,NA,2554,sap,3,n,,,
A04W,NE,o,fagr,A04W_fagr_02_08022018,2593,NA,2593,os,10,n,,,
A04W,SW,o,acsa,A04W_acsa_01_08022018,2643,NA,2643,os,12,n,,,
A04W,SW,o,fagr,A04W_fagr_07_08022018,2647,NA,2647,un,9,n,,,
A04W,NW,o,fagr,A04W_fagr_10_08022018,2668,NA,2668,un,10,n,,,
A04E,NE,i,acpe,A04E_acpe_01_08022018,2684,NA,2684,sap,2,n,,,
A04E,SE,o,fagr,A04E_fagr_01_08022018,2708,NA,2708,os,15,n,,,
A04E,SE,o,fagr,A04E_fagr_02_08022018,2709,NA,2709,os,9,n,,,
A04E,SE,o,fagr,A04E_fagr_03_08022018,2718,NA,2718,un,9,n,,,
A04E,SW,i,acpe,A04E_acpe_04_08022018,2733,NA,2733,sap,2,n,,,
A04E,NW,o,fagr,A04E_fagr_04_08022018,2760,NA,2760,un,12,n,,,
A01E,NE,i,acpe,A01E_acpe_01_08022018,2784,NA,2784,sap,2,n,,,
A01E,SW,i,acpe,A01E_acpe_05_08022018,2835,NA,2835,sap,2,n,,,
A01E,SW,i,acpe,A01E_acpe_06_08022018,2836,NA,2836,sap,2,n,,,
A01E,SW,i,acpe,A01E_acpe_07_08022018,2838,NA,2838,sap,3,n,,,
A01W,NE,i,fagr,A01W_fagr_02_08022018,2880,NA,2880,sap,2,n,,,
A01W,NE,i,fagr,A01W_fagr_01_08022018,2881,NA,2881,sap,2,n,,,
A01W,NE,i,fagr,A01W_fagr_03_08022018,2883,NA,2883,sap,2,n,,,
A01W,SE,i,fagr,A01W_fagr_05_08022018,2906,NA,2906,sap,2,n,,,
A01W,SE,i,fagr,A01W_fagr_04_08022018,2907,NA,2907,sap,2,n,,,dying; not sampled & replaced by #4628
A01W,SW,i,fagr,A01W_fagr_07_08022018,2934,NA,2934,sap,4,n,,,
A02W,NE,i,acpe,A02W_acpe_01_08032018,3000,NA,3000,sap,2,n,branch knocked off over winter; pick new leaf/branch,,
A02W,NE,i,acpe,A02W_acpe_02_08032018,3001,NA,3001,sap,2,n,,,
A02E,NE,i,fagr,A02E_fagr_01_08032018,3089,NA,3089,sap,2,n,Dead branch -> new 01,,
A02E,NE,i,fagr,A02E_fagr_02_08032018,3090,NA,3090,sap,2,n,Dead branch -> new 02,,
A02E,NE,i,acpe,A02E_acpe_01_08032018,3092,NA,3092,sap,4,n,,,
A02E,SW,i,acpe,A02E_acpe_02_08032018,3165,NA,3165,sap,2,n,,,
C03W,NE,o,acpe,C03W_acpe_01_07272018,NA,3166,3166,sap,2,n,,,dead; replaced by #4625
C03W,NE,o,acpe,C03W_acpe_02_07272018,NA,3167,3167,sap,1,n,,,
C03W,NE,o,acpe,C03W_acpe_03_07272018,NA,3168,3168,sap,2,n,,,
C03W,SE,o,acpe,C03W_acpe_04_07272018,NA,3169,3169,sap,1,n,,,
C03W,SE,o,fagr,C03W_fagr_02_07272018,NA,3170,3170,sap,1,n,,dead; replaced by #4607,
C03W,SW,o,fagr,C03W_fagr_03_07272018,NA,3171,3171,un,7,n,,,
C03W,SW,o,fagr,C03W_fagr_04_07272018,NA,3172,3172,sap,1,n,,,
C03W,SW,o,acpe,C03W_acpe_05_07272018,NA,3173,3173,sap,2,n,,,
C03W,NW,o,fagr,C03W_fagr_05_07272018,NA,3174,3174,un,8,n,branch cut off during girdling (GEORGE); select new leaf/branch *new 05,,
C03W,NW,o,acpe,C03W_acpe_06_07272018,NA,3175,3175,sap,1,n,,,
C03W,NW,o,fagr,C03W_fagr_06_07272018,NA,3176,3176,sap,1,n,,,
C03E,SE,o,fagr,C03E_fagr_02_07272018,NA,3179,3179,sap,4,n,,,
C03E,SW,o,acpe,C03E_acpe_04_07272018,NA,3181,3181,sap,1,n,,,
C03E,SW,o,fagr,C03E_fagr_04_07272018,NA,3182,3182,un,8,n,,,
C03E,SW,o,fagr,C03E_fagr_05_07272018,NA,3183,3183,sap,1,n,,,
C03E,NW,i,acpe,C03E_acpe_05_07272018,NA,3184,3184,sap,2,n,,,
C03E,NW,i,acpe,C03E_acpe_06_07272018,NA,3185,3185,sap,2,n,,,
C03E,NW,i,acpe,C03E_acpe_07_07272018,NA,3186,3186,sap,1,n,,,
D03W,NE,o,acru,D03W_acru_01_07262018,NA,3187,3187,sap,4,n,,,
D03W,NE,o,acru,D03W_acru_03_07262018,NA,3188,3188,un,7,n,,,
D03W,SE,o,fagr,D03W_fagr_03_07262018,NA,3190,3190,sap,1,n,,,
D03W,SW,o,acru,D03W_acru_04_07262018,NA,3192,3192,sap,1,n,,,
D03W,SW,o,acru,D03W_acru_05_07262018,NA,3193,3193,un,8,n,,,
D03W,NW,o,acru,D03W_acru_06_07262018,NA,3196,3196,sap,2,n,,,
D03W,NW,o,acru,D03W_acru_07_07262018,NA,3197,3197,un,6,n,,,
D03W,NW,o,acru,D03W_acru_08_07262018,NA,3198,3198,un,4,n,,,
D03E,SE,o,acru,D03E_acru_01_07262018,NA,3201,3201,un,8,n,,,
D03E,SE,o,acru,D03E_acru_02_07262018,NA,3202,3202,sap,3,n,,,
D03E,SW,o,acru,D03E_acru_04_07262018,NA,3205,3205,sap,1,n,,,
D03E,SW,o,quru,D03E_quru_02_07262018,NA,3206,3206,sap,4,n,,,
D03E,NW,o,fagr,D03E_fagr_04_07262018,NA,3208,3208,sap,1,n,,,
D03E,NW,o,fagr,D03E_fagr_05_07262018,NA,3209,3209,sap,3,n,,,
D03E,NW,o,fagr,D03E_fagr_06_07262018,NA,3210,3210,sap,3,n,Shares base w/ girdled tree,,
D01E,SE,o,fagr,D01E_fagr_03_07242018,NA,3213,3213,sap,3,n,,,
D01E,SW,o,acru,D01E_acru_04_07242018,NA,3214,3214,sap,4,n,,,
D01E,NW,o,acru,D01E_acru_05_07242018,NA,3216,3216,sap,5,n,,could not be sampled in 2020 due to heavy herbivory; replaced by #3218,
D01E,NW,o,acru,D01E_acru_06_07242018,NA,3217,3217,sap,5,n,,could not be sampled in 2020 due to heavy herbivory; replaced by #4621,
D01E,NW,o,pist,NA,NA,3218,3218,sap,2,n,,replacing unsampleable #3216,
D01W,NE,o,fagr,D01W_fagr_01_07242018,NA,3220,3220,sap,1,n,,,
D01W,NE,o,pire,D01W_pire_01_07242018,NA,3221,3221,sap,1,n,,,
D01W,SE,o,pist,D01W_pist_03_07242018,NA,3224,3224,sap,3,n,,,
D01W,SW,o,pist,D01W_pist_04_07242018,NA,3225,3225,sap,4,n,,,
D01W,SW,o,pist,D01W_pist_05_07242018,NA,3226,3226,sap,3,n,,,
D01W,SW,o,pist,D01W_pist_06_07242018,NA,3227,3227,sap,5,n,,,
D01W,NW,o,pist,D01W_pist_08_07242018,NA,3229,3229,sap,4,n,,,
D01W,NW,o,pist,D01W_pist_09_07242018,NA,3230,3230,sap,5,n,,,
D02W,NE,o,acru,D02W_acru_01_07252018,NA,3231,3231,sap,1,n,,,
D02W,NE,o,fagr,D02W_fagr_01_07252018,NA,3232,3232,sap,5,n,,,
D02W,NE,o,fagr,D02W_fagr_02_07252018,NA,3233,3233,sap,3,n,,,
D02W,SE,o,fagr,D02W_fagr_03_07252018,NA,3236,3236,sap,2,n,,,
D02W,SE,o,fagr,D02W_fagr_05_07252018,NA,3237,3237,sap,1,n,,,
D02W,SW,i,fagr,D02W_fagr_06_07252018,NA,3239,3239,sap,1,n,,,
D02W,SW,o,acru,D02W_acru_02_07252018,NA,3240,3240,sap,3,n,,,
D02W,NW,o,pist,D02W_pist_03_07252018,NA,3242,3242,sap,3,n,,,
D02W,NW,o,pist,D02W_pist_04_07252018,NA,3243,3243,sap,6,n,branch cut; new 04,,
A02E,SE,o,acsa,A02E_acsa_01_08032018,NA,3246,3246,sap,4,n,,,
A02E,SE,o,fagr,A02E_fagr_03_08032018,NA,3247,3247,sap,2,n,,,
A02E,SE,o,fagr,A02E_fagr_04_08032018,NA,3248,3248,sap,1,n,,,
A02E,SW,i,acpe,A02E_acpe_03_08032018,NA,3249,3249,sap,1,n,,,
A02E,SW,i,acpe,A02E_acpe_04_08032018,NA,3250,3250,sap,1,n,,,
A02E,NW,i,acpe,A02E_acpe_05_08032018,NA,3252,3252,sap,1,n,,,
A02E,NW,i,acpe,A02E_acpe_06_08032018,NA,3253,3253,sap,1,n,,,
A02E,NW,i,acpe,A02E_acpe_07_08032018,NA,3254,3254,sap,1,n,,,
B03E,NE,i,fagr,B03W_fagr_01_07292018,NA,3257,3257,sap,1,n,Mistaken subplot ID in 2018; should be BO3E,,
B03E,NE,o,fagr,B03W_fagr_02_07292018,NA,3258,3258,sap,1,n,Mistaken subplot ID in 2018; should be BO3E,,
B03E,NE,o,fagr,B03W_fagr_03_07292018,NA,3259,3259,sap,2,n,Mistaken subplot ID in 2018; should be BO3E,,
B03E,SE,o,acpe,B03W_acpe_01_07292018,NA,3261,3261,sap,2,n,Mistaken subplot ID in 2018; should be BO3E,,
B03E,SE,o,fagr,B03W_fagr_04_07292018,NA,3262,3262,sap,1,n,Mistaken subplot ID in 2018; should be BO3E,,
B03E,SE,o,fagr,B03W_fagr_05_07292018,NA,3263,3263,sap,2,n,Mistaken subplot ID in 2018; should be BO3E,,
B03E,SW,i,fagr,B03W_fagr_06_07292018,NA,3265,3265,sap,1,n,Mistaken subplot ID in 2018; should be BO3E,,
B03E,SW,i,fagr,B03W_fagr_07_07292018,NA,3266,3266,sap,1,n,Mistaken subplot ID in 2018; should be BO3E,,
B03E,SW,o,fagr,B03W_fagr_08_07292018,NA,3267,3267,un,5,n,Mistaken subplot ID in 2018; should be BO3E,,
B03E,NW,o,acru,B03W_acru_02_07292018,NA,3270,3270,sap,2,n,Mistaken subplot ID in 2018; should be BO3E,,
B03E,NW,i,fagr,B03W_fagr_09_07292018,NA,3271,3271,sap,1,n,Mistaken subplot ID in 2018; should be BO3E,,
B03W,NE,o,fagr,B03E_fagr_02_07292018,NA,3272,3272,sap,1,n,Mistaken subplot ID in 2018; should be BO3W; could not locate the red flag during girdle,,
B03W,NE,o,fagr,B03E_fagr_03_07292018,NA,3273,3273,sap,1,n,Mistaken subplot ID in 2018; should be BO3W,,
B03W,SE,o,fagr,B03E_fagr_05_07292018,NA,3276,3276,sap,3,n,Mistaken subplot ID in 2018; should be BO3W,,
B03W,SE,o,fagr,B03E_fagr_06_07292018,NA,3277,3277,sap,2,n,Mistaken subplot ID in 2018; should be BO3W,,
B03W,SW,o,acru,B03E_acru_01_07292018,NA,3278,3278,sap,2,n,Mistaken subplot ID in 2018; should be BO3W,,
B03W,SW,o,fagr,B03E_fagr_07_07292018,NA,3279,3279,sap,1,n,Mistaken subplot ID in 2018; should be BO3W,,
B03W,SW,o,fagr,B03E_fagr_08_07292018,NA,3280,3280,sap,1,n,Mistaken subplot ID in 2018; should be BO3W,,
D02E,NE,o,acru,D02E_acru_01_07242018,NA,3283,3283,sap,2,n,,,
D02E,NE,o,acru,D02E_acru_02_07242018,NA,3284,3284,sap,2,n,,,
D02E,NE,o,pist,D02E_pist_01_07242018,NA,3285,3285,sap,2,n,,,
D02E,SE,o,acru,D02E_acru_03_07242018,NA,3286,3286,sap,3,n,,,
D02E,SE,o,acru,D02E_acru_04_07242018,NA,3287,3287,sap,3,n,,,
D02E,SE,o,fagr,D02E_fagr_01_07242018,NA,3288,3288,sap,3,n,,,
D02E,SW,o,acru,D02E_acru_06_07242018,NA,3289,3289,sap,3,n,,,
D02E,SW,o,fagr,D02E_fagr_02_07242018,NA,3290,3290,sap,1,n,,,
D02E,NW,o,acru,D02E_acru_07_07242018,NA,3293,3293,sap,2,n,,,
D02E,NW,o,fagr,D02E_fagr_03_07242018,NA,3294,3294,sap,1,n,,,
D02E,NW,i,pist,D02E_pist_03_07242018,NA,3295,3295,sap,1,n,,,
D04W,SE,o,acru,D04W_acru_01_07122018,NA,3297,3297,sap,1,n,,,
D04W,SE,o,pist,NA,NA,3298,3298,sap,2,n,,replacing girdled #0060,
D04W,NW,o,amel,D04W_amel_02_07122018,NA,3299,3299,sap,2,n,,,
D04E,NE,o,fagr,D04E_fagr_01_07122018,NA,3301,3301,sap,1,n,,,
D04E,SE,i,fagr,D04E_fagr_02_07122018,NA,3302,3302,sap,1,n,,,
D04E,SW,i,pist,D04E_pist_05_07122018,NA,3305,3305,sap,1,n,,,
D04E,SW,o,pist,D04E_pist_06_07122018,NA,3306,3306,un,8,n,,,
D04E,SW,o,pire,D04E_pire_01_07122018,NA,3307,3307,sap,4,n,,,
D04E,NW,o,pist,D04E_pist_07_07122018,NA,3309,3309,sap,3,n,,,
D04E,NW,o,pist,D04E_pist_09_07122018,NA,3310,3310,un,8,n,,,
C04W,NE,o,acru,C04E_acru_01_07252018,NA,3312,3312,un,6,n,Mistaken subplot ID in 2018; should be CO4W,,
C04W,NE,o,fagr,C04E_fagr_01_07252018,NA,3313,3313,sap,3,n,Mistaken subplot ID in 2018; should be CO4W,,
C04W,NE,i,pist,C04E_pist_01_07252018,NA,3314,3314,sap,1,n,Mistaken subplot ID in 2018; should be CO4W,,
C04W,SE,o,fagr,C04E_fagr_02_07252018,NA,3316,3316,un,7,y,Mistaken subplot ID in 2018; should be CO4W *girdled,girdled & sickly; still measured this year but replaced by #3319,dead; not measured this year
C04W,SE,o,fagr,C04E_fagr_03_07252018,NA,3317,3317,sap,1,n,Mistaken subplot ID in 2018; should be CO4W,,
C04W,SE,o,fagr,C04E_fagr_04_07252018,NA,3318,3318,sap,3,n,Mistaken subplot ID in 2018; should be CO4W *dead tree **found new fagr next to it; new 04,,
C04W,SE,o,fagr,NA,NA,3319,3319,NA,6,n,,replacing girdled #3316,
C04W,SW,o,acpe,C04E_acpe_01_07252018,NA,3321,3321,sap,1,n,Mistaken subplot ID in 2018; should be CO4W,dead; replaced by #4623,
C04W,SW,o,acru,C04E_acru_02_07252018,NA,3322,3322,sap,2,n,Mistaken subplot ID in 2018; should be CO4W,,
C04W,SW,o,fagr,C04E_fagr_05_07252018,NA,3323,3323,sap,1,n,Mistaken subplot ID in 2018; should be CO4W,,
C04W,NW,o,acru,C04E_acru_04_07252018,NA,3326,3326,sap,1,n,Mistaken subplot ID in 2018; should be CO4W,,
C04W,NW,o,fagr,C04E_fagr_06_07252018,NA,3327,3327,sap,1,n,Mistaken subplot ID in 2018; should be CO4W,,
C04E,NE,o,acpe,C04W_acpe_01_07252018,NA,3329,3329,sap,1,n,Mistaken subplot ID in 2018; should be CO4E,,
C04E,NE,o,fagr,C04W_fagr_01_07252018,NA,3330,3330,sap,2,n,Mistaken subplot ID in 2018; should be CO4E,,
C04E,NE,o,fagr,C04W_fagr_02_07252018,NA,3331,3331,sap,1,n,Mistaken subplot ID in 2018; should be CO4E,,
C04E,SE,o,acpe,C04W_acpe_02_07252018,NA,3333,3333,sap,2,n,Mistaken subplot ID in 2018; should be CO4E *dead branch; new 02,,
C04E,SE,o,fagr,C04W_fagr_03_07252018,NA,3334,3334,sap,1,n,Mistaken subplot ID in 2018; should be CO4E,,
C04E,SE,o,fagr,C04W_fagr_04_07252018,NA,3335,3335,sap,2,n,Mistaken subplot ID in 2018; should be CO4E *dead branch; new 04,,
C04E,SW,o,acru,C04W_acru_01_07252018,NA,3338,3338,sap,1,n,Mistaken subplot ID in 2018; should be CO4E,,"knocked over by falled tree, no foliage; replaced by #4624"
C04E,SW,o,acru,C04W_acru_02_07252018,NA,3339,3339,sap,2,n,Mistaken subplot ID in 2018; should be CO4E,,
C04E,SW,o,fagr,C04W_fagr_05_07252018,NA,3340,3340,sap,7,n,Mistaken subplot ID in 2018; should be CO4E,,
C04E,NW,o,acpe,C04W_acpe_03_07252018,NA,3342,3342,sap,1,n,Mistaken subplot ID in 2018; should be CO4E,,
C04E,NW,o,fagr,C04W_fagr_06_07252018,NA,3343,3343,sap,1,n,Mistaken subplot ID in 2018; should be CO4E,,
C04E,NW,o,fagr,C04W_fagr_07_07252018,NA,3344,3344,sap,1,n,Mistaken subplot ID in 2018; should be CO4E,,
C01W,NE,o,fagr,C01W_fagr_04_07112018,NA,3942,3942,sap,1,n,,,
C01W,NE,o,fagr,C01W_fagr_05_07112018,NA,3943,3943,un,6,n,,,
C01W,NE,o,fagr,C01W_fagr_06_07112018,NA,3944,3944,un,5,n,,,
C01W,SE,o,quru,C01W_quru_02_07112018,NA,3947,3947,sap,3,n,,,
C01W,SE,o,fagr,C01W_fagr_07_07112018,NA,3948,3948,sap,1,n,,,
C01W,SE,o,fagr,C01W_fagr_08_07112018,NA,3949,3949,un,5,n,,,
C01W,SW,i,amel,C01W_amel_01_07112018,NA,3950,3950,sap,1,n,,,
C01W,SW,o,fagr,C01W_fagr_01_07112018,NA,3951,3951,sap,2,n,,,
C01W,NW,i,fagr,C01W_fagr_02_07112018,NA,3953,3953,sap,1,n,,,
C01W,NW,o,fagr,C01W_fagr_03_07112018,NA,3954,3954,sap,1,n,,,
C01W,NW,i,quru,C01W_quru_01_07112018,NA,3955,3955,sap,1,n,,,
C01E,NE,o,pist,C01E_pist_03_07112018,NA,3958,3958,sap,2,n,,,
C01E,SE,o,fagr,C01E_fagr_01_07112018,NA,3959,3959,sap,1,n,,,
C01E,SE,o,pist,C01E_pist_04_07112018,NA,3960,3960,sap,6,n,,,
C01E,SE,o,pist,C01E_pist_05_07112018,NA,3961,3961,sap,2,n,,,
C01E,SW,o,fagr,C01E_fagr_03_07112018,NA,3962,3962,sap,3,n,,,
C01E,SW,o,fagr,C01E_fagr_04_07112018,NA,3963,3963,sap,4,n,,,
C01E,NW,o,fagr,C01E_fagr_07_07112018,NA,3966,3966,sap,3,n,,,
C02W,NE,o,acpe,C02W_acpe_01_07112018,NA,3968,3968,sap,1,n,,,
C02W,NE,o,fagr,C02W_fagr_01_07112018,NA,3969,3969,sap,1,n,,,
C02W,NE,i,pist,C02W_pist_01_07112018,NA,3970,3970,sap,1,n,,,
C02W,SE,o,fagr,C02W_fagr_02_07112018,NA,3973,3973,sap,5,n,,,
C02W,SE,o,fagr,C02W_fagr_04_07122018,NA,3974,3974,sap,3,n,,,
C02W,SW,o,acpe,C02W_acpe_03_07122018,NA,3976,3976,sap,2,n,,,
C02W,NW,o,amel,C02W_amel_01_07122018,NA,3977,3977,sap,1,n,,,
C02W,NW,o,fagr,C02W_fagr_05_07122018,NA,3978,3978,sap,3,n,,,
C02W,NW,o,fagr,C02W_fagr_06_07122018,NA,3979,3979,sap,1,n,,,
C02E,NE,o,acpe,C02E_acpe_01_07122018,NA,3980,3980,sap,4,n,,,
C02E,NE,o,pist,C02E_pist_01_07122018,NA,3981,3981,sap,4,n,,,
C02E,NE,o,pist,C02E_pist_02_07122018,NA,3982,3982,sap,3,n,,,
C02E,SE,o,acpe,C02E_acpe_02_07122018,NA,3985,3985,sap,2,n,,,
C02E,SE,o,acpe,C02E_acpe_03_07122018,NA,3986,3986,sap,2,n,tree cut severely during girdling (GEORGE); may need to select new stem this year,,
C02E,SE,o,pist,C02E_pist_03_07122018,NA,3987,3987,sap,3,n,,,
C02E,SW,o,acpe,C02E_acpe_04_07122018,NA,3988,3988,sap,1,n,,,
C02E,SW,o,acpe,C02E_acpe_05_07122018,NA,3989,3989,sap,2,n,,,
C02E,SW,o,acpe,C02E_acpe_06_07122018,NA,3990,3990,sap,1,n,,,
C02E,NW,o,acpe,C02E_acpe_07_07122018,NA,3991,3991,sap,3,n,,,
C02E,NW,o,acpe,C02E_acpe_08_07122018,NA,3992,3992,sap,1,n,,,
C02E,NW,o,acpe,C02E_acpe_09_07122018,NA,3993,3993,sap,1,n,,,
A03E,NE,o,acsa,A03E_acsa_01_08032018,NA,3995,3995,un,6,n,,,
A03E,NE,o,fagr,A03E_fagr_01_08032018,NA,3996,3996,sap,1,n,,,
A03E,NE,o,fagr,A03E_fagr_02_08032018,NA,3997,3997,sap,1,n,,,
A03E,SE,i,fagr,A03E_fagr_03_08032018,NA,3999,3999,sap,1,n,,,
A03E,SE,o,fagr,A03E_fagr_04_08032018,NA,4000,4000,sap,2,n,,,
A03E,SE,o,fagr,NA,NA,4001,4001,sap,2,n,,,replacing girdled #2508
A03E,SW,o,acpe,A03E_acpe_01_08032018,NA,4002,4002,sap,2,n,,,
A03E,SW,i,fagr,A03E_fagr_06_08032018,NA,4003,4003,sap,1,n,,,
A03E,SW,i,fagr,A03E_fagr_07_08032018,NA,4004,4004,sap,1,n,,,
A03W,NE,i,acpe,A03W_acpe_01_08032018,NA,4006,4006,sap,1,n,,,
A03W,NE,i,fagr,A03W_fagr_02_08032018,NA,4007,4007,sap,1,n,,,
A03W,SE,i,acpe,A03W_acpe_03_08032018,NA,4009,4009,sap,1,n,,,
A03W,SE,i,fagr,A03W_fagr_03_08032018,NA,4010,4010,sap,1,n,,,
A03W,SW,i,fagr,A03W_fagr_04_08032018,2419,4011,4011,sap,2,n,"insect girdled off last year's branch; pick new leaf/branch, 2419 CUT DOWN BY GEORGE!!!! New tree chosen for 2019",,
A03W,SW,i,fagr,A03W_fagr_05_08032018,NA,4012,4012,sap,1,n,,,
A03W,SW,o,fagr,A03W_fagr_06_08032018,NA,4013,4013,sap,1,n,,,
A03W,NW,i,fagr,A03W_fagr_07_08032018,NA,4015,4015,sap,1,n,,,
A03W,NW,o,fagr,A03W_fagr_08_08032018,NA,4016,4016,sap,1,n,,,
A03W,NW,o,fagr,A03W_fagr_09_08032018,NA,4017,4017,un,7,n,,,
A01E,NE,i,acpe,A01E_acpe_02_08022018,NA,4019,4019,sap,1,n,,,
A01E,NE,i,acpe,A01E_acpe_03_08022018,NA,4020,4020,sap,1,n,,,
A01E,SE,o,acpe,A01E_acpe_04_08022018,NA,4022,4022,sap,1,n,,,
A01E,SE,o,fagr,A01E_fagr_01_08022018,NA,4023,4023,un,2,n,,,
A01E,SE,o,fagr,A01E_fagr_02_08022018,NA,4024,4024,un,7,n,,,
A01E,NW,i,acpe,A01E_acpe_08_08022018,NA,4025,4025,sap,1,n,branch sampled last year accidentally broken during girdling; pick new leaf/branch,,"top severed, no new leaves at 1m, replaced by #4627"
A01E,NW,i,acpe,A01E_acpe_09_08022018,NA,4026,4026,sap,1,n,,,
A01E,NW,o,acpe,A01E_acpe_10_08022018,NA,4027,4027,sap,1,n,,,
A01W,SE,i,fagr,A01W_fagr_06_08022018,NA,4030,4030,sap,1,n,,,
A01W,SW,o,acpe,A01W_acpe_01_08022018,NA,4032,4032,sap,1,n,,,
A01W,SW,o,fagr,A01W_fagr_08_08022018,NA,4033,4033,sap,2,n,,,
A01W,NW,i,acpe,A01W_acpe_02_08022018,NA,4035,4035,sap,1,n,,,
A01W,NW,i,fagr,A01W_fagr_09_08022018,NA,4036,4036,sap,1,n,,,
A01W,NW,i,fagr,A01W_fagr_10_08022018,NA,4037,4037,sap,1,n,,,
A02W,NE,i,acpe,A02W_acpe_03_08032018,NA,4040,4040,sap,1,n,,,
A02W,SE,i,acpe,A02W_acpe_04_08032018,NA,4041,4041,sap,1,n,,,
A02W,SE,i,acpe,A02W_acpe_05_08032018,NA,4042,4042,sap,1,n,,,
A02W,SE,i,acpe,A02W_acpe_06_08032018,NA,4043,4043,sap,1,n,,,
A02W,SW,i,fagr,A02W_fagr_01_08032018,NA,4046,4046,sap,1,n,,,
A02W,SW,o,fagr,A02W_fagr_02_08032018,NA,4047,4047,sap,1,n,,,
A02W,SW,o,fagr,A02W_fagr_03_08032018,NA,4048,4048,sap,4,n,,,
A02W,NW,o,acpe,A02W_acpe_07_08032018,NA,4050,4050,sap,1,n,,dead; replaced by #4605,
A02W,NW,o,acpe,A02W_acpe_08_08032018,NA,4051,4051,sap,1,n,,,dead & gone; replaced by #4626
A02W,NW,o,acpe,A02W_acpe_09_08032018,NA,4052,4052,sap,2,n,,dead; replaced by #4606,
A04W,NE,o,fagr,A04W_fagr_01_08022018,NA,4055,4055,un,7,n,,,
A04W,NE,o,fagr,A04W_fagr_03_08022018,NA,4056,4056,sap,1,n,,,
A04W,SE,o,fagr,A04W_fagr_04_08022018,NA,4058,4058,un,9,n,,,
A04W,SE,o,fagr,A04W_fagr_05_08022018,NA,4059,4059,sap,1,n,,,
A04W,SE,o,fagr,A04W_fagr_06_08022018,NA,4060,4060,sap,1,n,,,
A04W,SW,o,fagr,A04W_fagr_08_08022018,NA,4062,4062,sap,5,n,,,
A04W,NW,i,fagr,A04W_fagr_09_08022018,NA,4063,4063,sap,1,n,,,
A04W,NW,o,fagr,A04W_fagr_11_08022018,NA,4064,4064,sap,2,n,,,
A04E,NE,i,acpe,A04E_acpe_02_08022018,NA,4066,4066,sap,1,n,,,
A04E,NE,i,acpe,A04E_acpe_03_08022018,NA,4067,4067,sap,1,n,,,
A04E,SW,o,acpe,A04E_acpe_05_08022018,NA,4071,4071,sap,2,n,,,
A04E,SW,o,acpe,A04E_acpe_06_08022018,NA,4072,4072,sap,2,n,,,
A04E,NW,o,acpe,A04E_acpe_07_08022018,NA,4073,4073,sap,1,n,,,
A04E,NW,o,acpe,A04E_acpe_08_08022018,NA,4074,4074,sap,1,n,,dead; replaced by #4604,
B02W,SW,o,acpe,B02E_acpe_03_07292018,NA,4076,4076,sap,1,n,Subplot ID mistaken in 2018,,
B02W,SW,o,fagr,B02E_fagr_05_07292018,NA,4077,4077,sap,4,n,Subplot ID mistaken in 2018,,
B02W,NW,o,fagr,B02E_fagr_07_07292018,NA,4078,4078,sap,4,n,"Subplot ID mistaken in 2018; DEAD BRANCH, RELOCATED",,
B02E,NE,o,acpe,B02W_acpe_01_07292018,NA,4079,4079,sap,1,n,Subplot ID mistaken in 2018,,
B02W,SE,o,fagr,B02E_fagr_04_07292018,NA,4080,4080,sap,1,n,Subplot ID mistaken in 2018,,
B02W,NW,o,fagr,NA,NA,4081,4081,NA,8,n,,replacing dead #1834,
B02W,NW,o,fagr,B02E_fagr_08_07292018,NA,4082,4082,un,5,n,Subplot ID mistaken in 2018,,
B02W,SW,o,acpe,B02E_acpe_02_07292018,NA,4083,4083,sap,1,n,Subplot ID mistaken in 2018,,
B02W,SE,o,amel,B02E_amel_01_07292018,NA,4084,4084,sap,2,n,"Subplot ID mistaken in 2018; DEAD BRANCH, RELOCATED",,
B02E,NE,o,fagr,B02W_fagr_01_07292018,NA,4085,4085,sap,2,n,Subplot ID mistaken in 2018,,
B02E,NE,o,fagr,B02W_fagr_02_07292018,NA,4087,4087,sap,1,n,Subplot ID mistaken in 2018,,
B02E,SE,i,fagr,B02W_fagr_03_07292018,NA,4088,4088,sap,1,n,Subplot ID mistaken in 2018,,
B02E,SE,o,fagr,B02W_fagr_04_07292018,NA,4089,4089,sap,2,n,Subplot ID mistaken in 2018,,
B02E,SW,i,fagr,B02W_fagr_05_07292018,NA,4090,4090,sap,1,n,Subplot ID mistaken in 2018,,
B02E,SW,o,fagr,B02W_fagr_06_07292018,NA,4091,4091,sap,1,n,Subplot ID mistaken in 2018,,
B02E,SW,o,fagr,B02W_fagr_07_07292018,NA,4092,4092,sap,1,n,Subplot ID mistaken in 2018,,
B02E,NW,o,fagr,B02W_fagr_09_07292018,NA,4093,4093,sap,3,n,Subplot ID mistaken in 2018,,
B02E,NW,o,acpe,B02W_acpe_03_07292018,NA,4094,4094,sap,1,n,Subplot ID mistaken in 2018,,
B01E,SW,i,acpe,B01E_acpe_01_08012018,NA,4095,4095,sap,1,n,,,
B01E,SW,o,fagr,B01E_fagr_05_08012018,NA,4096,4096,sap,1,n,,,
B01E,SW,o,fagr,B01E_fagr_06_08012018,NA,4097,4097,sap,1,n,,,
B01E,NW,i,fagr,B01E_fagr_08_08012018,NA,4098,4098,sap,1,n,,,
B01E,NE,i,amel,B01E_amel_01_08012018,NA,4099,4099,sap,1,n,,"dead, replaced by #4601",
B01E,NE,o,fagr,B01E_fagr_02_08012018,NA,4100,4100,sap,5,n,,,
B01E,SE,o,fagr,B01E_fagr_04_08012018,NA,4101,4101,sap,1,n,,,
B01E,SE,o,fagr,B01E_fagr_03_08012018,NA,4102,4102,sap,1,n,,,
B01W,NE,i,acpe,B01W_acpe_01_08012018,NA,4103,4103,sap,1,n,,,
B01W,NE,i,fagr,B01W_fagr_01_08012018,NA,4104,4104,sap,1,n,,,
B01W,NE,i,fagr,B01W_fagr_02_08012018,NA,4105,4105,sap,1,n,,,
B01W,NW,i,fagr,B01W_fagr_09_08012018,NA,4106,4106,sap,1,n,,,
B04E,NE,o,fagr,B04E_fagr_01_07272018,NA,4107,4107,sap,2,n,FELLED UNDER ANOTHER TREE,Not sampled in 2020; dying. Replaced by #4602,Not sampled in 2021.
B04E,SE,o,acpe,B04E_acpe_03_07272018,NA,4108,4108,sap,1,n,,,
B04E,SE,o,fagr,B04E_fagr_02_07272018,NA,4109,4109,sap,1,n,,,
B04E,SW,o,fagr,B04E_fagr_03_07272018,NA,4110,4110,sap,1,n,,,
B04E,SW,o,acpe,B04E_acpe_04_07272018,NA,4111,4111,sap,1,n,,,
B04E,SE,o,acru,B04E_acru_01_07272018,NA,4112,4112,sap,4,n,"FELLED, STILL GROWING",,
B04E,NW,i,fagr,B04E_fagr_04_07272018,NA,4113,4113,sap,1,n,,,
B04E,NW,i,fagr,B04E_fagr_05_07272018,NA,4114,4114,sap,1,n,,,
B04W,SE,o,acru,B04W_acru_04_07272018,NA,4120,4120,sap,3,n,,,
B04W,SE,o,quru,B04W_quru_01_07272018,NA,4121,4121,un,5,n,,,
B04W,SE,o,fagr,B04W_fagr_01_07272018,NA,4122,4122,sap,1,n,,,
B04W,NE,o,acru,B04W_acru_03_07272018,NA,4123,4123,sap,2,n,,,
B04W,NE,i,acru,B04W_acru_01_07272018,NA,4124,4124,sap,1,n,,,
B04W,NE,o,acru,B04W_acru_02_07272018,NA,4125,4125,sap,3,n,,,
B04W,SW,o,fagr,B04W_fagr_03_07272018,NA,4126,4126,sap,2,n,,,
B04W,SW,o,quru,B04W_quru_02_07272018,NA,4127,4127,sap,4,n,,,
B02W,NE,o,fagr,NA,NA,4136,4136,NA,NA,n,,replacing girdled #1752,
B02W,NE,o,fagr,NA,NA,4137,4137,NA,NA,n,,replacing girdled #1755,
B01E,SE,o,fagr,NA,NA,4139,4139,NA,NA,n,replacing dead #1680 QURU,,
B01E,NE,o,fagr,NA,NA,4601,4601,sap,1,n,,replacing dead #4099,
B04E,NE,o,fagr,NA,NA,4602,4602,NA,NA,n,,replacing dying #4107,
B02W,NE,o,fagr,NA,NA,4603,4603,NA,NA,n,,replacing girdled #1756,
A04E,NW,o,acpe,NA,NA,4604,4604,NA,NA,n,,replacing dead #4074,
A02W,NW,i,acpe,NA,NA,4605,4605,sap,1,n,,replacing dead #4050,
A02W,NW,o,acpe,NA,NA,4606,4606,sap,1,n,,replacing dead #4052,
C03W,SE,o,fagr,NA,NA,4607,4607,NA,8,n,,replacing dead #3170,
C03E,SE,o,fagr,NA,NA,4608,4608,NA,7,n,,replacing girdled #1295,
C03E,SE,o,fagr,NA,NA,4609,4609,NA,5,n,,replacing girdled #1292,
D04W,NE,o,pist,NA,NA,4610,4610,sap,1,n,,replacing girdled #0016,
D04W,SE,o,pist,NA,NA,4611,4611,sap,2,n,,replacing girdled #0063,
D04W,NW,i,pist,NA,NA,4612,4612,sap,1,n,,replacing girdled #0131,
D04W,NW,o,pist,NA,NA,4613,4613,sap,1,n,,replacing girdled #0133,
D03W,NE,o,acru,NA,NA,4614,4614,un,8,n,,added in 2020 as a mistake,
D03E,NE,o,fagr,NA,NA,4615,4615,sap,4,n,,replacing girdled #0388,
D03E,NE,o,fagr,NA,NA,4616,4616,sap,5,n,,replacing girdled #0389,
D03E,SE,o,quru,NA,NA,4617,4617,sap,3,n,,replacing dead #0414,
D03E,SW,o,fagr,NA,NA,4618,4618,un,8,n,,replacing girdled #0441,
D01W,SE,o,pist,NA,NA,4619,4619,sap,1,n,,"replacing tree that failed to stabilize,  #0620",
D01E,NE,o,acru,NA,NA,4620,4620,sap,3,n,,replacing dead #0648,
D01E,NW,o,fagr,NA,NA,4621,4621,sap,3,n,,replacing unsampleable #3217,
D02E,SW,o,acru,NA,NA,4622,4622,sap,4,n,,replacing girdled #0346,
C04W,SW,o,fagr,NA,NA,4623,4623,sap,1,n,,replacing dead #3321,
C04E,SW,o,acru,NA,NA,4624,4624,NA,NA,n,,,replacing unsampleable #3338
C03W,NE,o,acpe,NA,NA,4625,4625,sap,1,n,,,replacing dead #3166
A02W,NW,i,acpe,NA,NA,4626,4626,sap,1,n,,,replacing dead #4051
A01E,NW,o,acpe,NA,NA,4627,4627,sap,1,n,,,replacing unsampleable #4025
A01W,SE,i,fagr,NA,NA,4628,4628,sap,2,n,,,replacing dying #2907
